title,link
Asvara Villa Ubud - Romantic Honeymoon Villa in Ubud Bali,https://www.google.com/maps/place/Asvara+Villa+Ubud+-+Romantic+Honeymoon+Villa+in+Ubud+Bali/data=!4m10!3m9!1s0x2dd2237aaf10498f:0x476d6bd65b878a92!5m2!4m1!1i2!8m2!3d-8.4832863!4d115.2579433!16s%2Fg%2F11gjzg3y98!19sChIJj0kQr3oj0i0RkoqHW9ZrbUc?authuser=0&hl=en&rclk=1
The Kampung Ubud Villa,https://www.google.com/maps/place/The+Kampung+Ubud+Villa/data=!4m10!3m9!1s0x2dd23d1e9c297053:0x94fb0a384c5dbd44!5m2!4m1!1i2!8m2!3d-8.5155089!4d115.2378597!16s%2Fg%2F11xk1wxxf!19sChIJU3ApnB490i0RRL1dTDgK-5Q?authuser=0&hl=en&rclk=1
Private Ubud Villas,https://www.google.com/maps/place/Private+Ubud+Villas/data=!4m7!3m6!1s0x2dd23dca28007a1f:0xdbe00231542a25d8!8m2!3d-8.5057746!4d115.2506357!16s%2Fg%2F11jtdbxfx9!19sChIJH3oAKMo90i0R2CUqVDEC4Ns?authuser=0&hl=en&rclk=1
Ubud Virgin Villa,https://www.google.com/maps/place/Ubud+Virgin+Villa/data=!4m10!3m9!1s0x2dd222b08780cd27:0x885edc8e18f6beb2!5m2!4m1!1i2!8m2!3d-8.4751659!4d115.269032!16s%2Fg%2F11bxf9b8ls!19sChIJJ82Ah7Ai0i0Rsr72GI7cXog?authuser=0&hl=en&rclk=1
Ubudku Villas,https://www.google.com/maps/place/Ubudku+Villas/data=!4m10!3m9!1s0x2dd23dcfb868c6d9:0x8f28ae1967f4d61c!5m2!4m1!1i2!8m2!3d-8.5087848!4d115.2676595!16s%2Fg%2F11hzbxx6gt!19sChIJ2cZouM890i0RHNb0ZxmuKI8?authuser=0&hl=en&rclk=1
A Villa Ubud,https://www.google.com/maps/place/A+Villa+Ubud/data=!4m10!3m9!1s0x2dd23d7675635449:0x260fa81e8d8ed79d!5m2!4m1!1i2!8m2!3d-8.5259619!4d115.2667727!16s%2Fg%2F11h1mkztsg!19sChIJSVRjdXY90i0RndeOjR6oDyY?authuser=0&hl=en&rclk=1
De Ubud Villas & Spa,https://www.google.com/maps/place/De+Ubud+Villas+%26+Spa/data=!4m10!3m9!1s0x2dd23d6cdb1ce925:0xf80ebf57c70893da!5m2!4m1!1i2!8m2!3d-8.5365167!4d115.2643262!16s%2Fg%2F1tht9kcr!19sChIJJekc22w90i0R2pMIx1e_Dvg?authuser=0&hl=en&rclk=1
Vrindavan Ubud Villa,https://www.google.com/maps/place/Vrindavan+Ubud+Villa/data=!4m10!3m9!1s0x2dd21870e0815173:0xb2f6b7a37580f777!5m2!4m1!1i2!8m2!3d-8.4554262!4d115.2913185!16s%2Fg%2F11gg9hh2ws!19sChIJc1GB4HAY0i0Rd_eAdaO39rI?authuser=0&hl=en&rclk=1
Ubud Damai Family Villa,https://www.google.com/maps/place/Ubud+Damai+Family+Villa/data=!4m7!3m6!1s0x2dd2455ad64eaf3d:0x95966c19dcf88e37!8m2!3d-8.4814363!4d115.2673584!16s%2Fg%2F11f01tsfv0!19sChIJPa9O1lpF0i0RN4743BlslpU?authuser=0&hl=en&rclk=1
Ubud Luwih Nature Villa,https://www.google.com/maps/place/Ubud+Luwih+Nature+Villa/data=!4m10!3m9!1s0x2dd23d54ad38915f:0xcbc14e23070c4661!5m2!4m1!1i2!8m2!3d-8.4858444!4d115.2787311!16s%2Fg%2F11bxf44zd4!19sChIJX5E4rVQ90i0RYUYMByNOwcs?authuser=0&hl=en&rclk=1
Villa Ubud Hill,https://www.google.com/maps/place/Villa+Ubud+Hill/data=!4m10!3m9!1s0x2dd23fac06092a65:0x3a51666078fbeff2!5m2!4m1!1i2!8m2!3d-8.5004082!4d115.2699262!16s%2Fg%2F11f9h7095p!19sChIJZSoJBqw_0i0R8u_7eGBmUTo?authuser=0&hl=en&rclk=1
Raditya Villas Ubud,https://www.google.com/maps/place/Raditya+Villas+Ubud/data=!4m10!3m9!1s0x2dd23d3858ab8dbd:0x4b0ad655c97d60a2!5m2!4m1!1i2!8m2!3d-8.4980623!4d115.2580719!16s%2Fg%2F11ggt4vll5!19sChIJvY2rWDg90i0RomB9yVXWCks?authuser=0&hl=en&rclk=1
Dusun Ubud Villa,https://www.google.com/maps/place/Dusun+Ubud+Villa/data=!4m10!3m9!1s0x2dd23d32b76c1aa1:0x5f1ddb35cefc6ae4!5m2!4m1!1i2!8m2!3d-8.4865306!4d115.2495082!16s%2Fg%2F11g9vht32j!19sChIJoRpstzI90i0R5Gr8zjXbHV8?authuser=0&hl=en&rclk=1
Villa ubud,https://www.google.com/maps/place/Villa+ubud/data=!4m10!3m9!1s0x2dd23d3d7ffb70a9:0x2acc26b8585c8a95!5m2!4m1!1i2!8m2!3d-8.5060903!4d115.2511487!16s%2Fg%2F11b821wyt5!19sChIJqXD7fz090i0RlYpcWLgmzCo?authuser=0&hl=en&rclk=1
Dupa ubud villa,https://www.google.com/maps/place/Dupa+ubud+villa/data=!4m10!3m9!1s0x2dd222b291f8eab1:0xc85e247ffeed80!5m2!4m1!1i2!8m2!3d-8.4826917!4d115.2708816!16s%2Fg%2F11b7ztsy63!19sChIJser4kbIi0i0RgO3-fyReyAA?authuser=0&hl=en&rclk=1
Poka Ubud Villa,https://www.google.com/maps/place/Poka+Ubud+Villa/data=!4m10!3m9!1s0x2dd223fe22c5780f:0xf9603a6c26c7c264!5m2!4m1!1i2!8m2!3d-8.4724784!4d115.2749137!16s%2Fg%2F11jdcdqd69!19sChIJD3jFIv4j0i0RZMLHJmw6YPk?authuser=0&hl=en&rclk=1
Kayangan Villa Ubud,https://www.google.com/maps/place/Kayangan+Villa+Ubud/data=!4m10!3m9!1s0x2dd223110864aad9:0xfea3665b5946c16!5m2!4m1!1i2!8m2!3d-8.4605414!4d115.2835188!16s%2Fg%2F11h5rztt3b!19sChIJ2apkCBEj0i0RFmyUtWU26g8?authuser=0&hl=en&rclk=1
Ubud Wana Villa,https://www.google.com/maps/place/Ubud+Wana+Villa/data=!4m10!3m9!1s0x2dd23d0c94a5ef2b:0xb09c18f2b446a092!5m2!4m1!1i2!8m2!3d-8.519542!4d115.258225!16s%2Fg%2F11bztg_td6!19sChIJK--llAw90i0RkqBGtPIYnLA?authuser=0&hl=en&rclk=1
Prema Ubud Villas,https://www.google.com/maps/place/Prema+Ubud+Villas/data=!4m10!3m9!1s0x2dd23de1b6376aa9:0x2fec01a0c6e136fd!5m2!4m1!1i2!8m2!3d-8.5501772!4d115.2571167!16s%2Fg%2F11j0mq56n7!19sChIJqWo3tuE90i0R_TbhxqAB7C8?authuser=0&hl=en&rclk=1
Yoga Ubud Villa,https://www.google.com/maps/place/Yoga+Ubud+Villa/data=!4m10!3m9!1s0x2dd23d44301dd283:0xe9f2db5d0d8f701a!5m2!4m1!1i2!8m2!3d-8.4979773!4d115.2667844!16s%2Fg%2F11fy5d2wl2!19sChIJg9IdMEQ90i0RGnCPDV3b8uk?authuser=0&hl=en&rclk=1
Suarsena Villa Ubud,https://www.google.com/maps/place/Suarsena+Villa+Ubud/data=!4m10!3m9!1s0x2dd23d652b7ba3d5:0xe88f7ad0f6530c0d!5m2!4m1!1i2!8m2!3d-8.5067605!4d115.2566375!16s%2Fg%2F11fks282bd!19sChIJ1aN7K2U90i0RDQxT9tB6j-g?authuser=0&hl=en&rclk=1
Ubud Padi Villas,https://www.google.com/maps/place/Ubud+Padi+Villas/data=!4m10!3m9!1s0x2dd23d2d567c1a69:0xbb359c68fad30b79!5m2!4m1!1i2!8m2!3d-8.488012!4d115.2480332!16s%2Fg%2F12hm6x4nq!19sChIJaRp8Vi090i0ReQvT-micNbs?authuser=0&hl=en&rclk=1
Thantha Ubud Villa,https://www.google.com/maps/place/Thantha+Ubud+Villa/data=!4m10!3m9!1s0x2dd23da8e5219ee3:0xc44783ed07ce128c!5m2!4m1!1i2!8m2!3d-8.5299346!4d115.2458544!16s%2Fg%2F11f3jy28d3!19sChIJ454h5ag90i0RjBLOB-2DR8Q?authuser=0&hl=en&rclk=1
Villa Bayad Ubud,https://www.google.com/maps/place/Villa+Bayad+Ubud/data=!4m10!3m9!1s0x2dd222ff5a05f26f:0xa31622094b7e5aa9!5m2!4m1!1i2!8m2!3d-8.4477868!4d115.2442129!16s%2Fg%2F11bc7r6jtz!19sChIJb_IFWv8i0i0RqVp-SwkiFqM?authuser=0&hl=en&rclk=1
Black Penny Villas Ubud,https://www.google.com/maps/place/Black+Penny+Villas+Ubud/data=!4m10!3m9!1s0x2dd222d250b83b05:0x56c9953923f3b93a!5m2!4m1!1i2!8m2!3d-8.4833812!4d115.2451782!16s%2Fg%2F11b6gd0784!19sChIJBTu4UNIi0i0ROrnzIzmVyVY?authuser=0&hl=en&rclk=1
Lotus Villa Ubud,https://www.google.com/maps/place/Lotus+Villa+Ubud/data=!4m10!3m9!1s0x2dd23d450b996943:0xf428787871550e2e!5m2!4m1!1i2!8m2!3d-8.4839178!4d115.2705233!16s%2Fg%2F11c47xy3xp!19sChIJQ2mZC0U90i0RLg5VcXh4KPQ?authuser=0&hl=en&rclk=1
Villa,https://www.google.com/maps/place/Villa/data=!4m7!3m6!1s0x2dd23dfbdb6db289:0xfaaefa43128eac80!8m2!3d-8.486232!4d115.2690609!16s%2Fg%2F11ptqcf440!19sChIJibJt2_s90i0RgKyOEkP6rvo?authuser=0&hl=en&rclk=1
Sativa Villas Ubud,https://www.google.com/maps/place/Sativa+Villas+Ubud/data=!4m10!3m9!1s0x2dd222b3c5766dc7:0xf2871319bb8e2ee6!5m2!4m1!1i2!8m2!3d-8.4803035!4d115.2681015!16s%2Fg%2F11csgsgcm9!19sChIJx212xbMi0i0R5i6OuxkTh_I?authuser=0&hl=en&rclk=1
Sari Villa Ubud,https://www.google.com/maps/place/Sari+Villa+Ubud/data=!4m10!3m9!1s0x2dd23d3bc6e320a1:0xe271707e48591e17!5m2!4m1!1i2!8m2!3d-8.4990357!4d115.2529077!16s%2Fg%2F11hbb_h8g7!19sChIJoSDjxjs90i0RFx5ZSH5wceI?authuser=0&hl=en&rclk=1
Ubud Room's Villa,https://www.google.com/maps/place/Ubud+Room's+Villa/data=!4m7!3m6!1s0x2dd23d062a139217:0x9bbf0749ee729fa5!8m2!3d-8.5002889!4d115.2615663!16s%2Fg%2F11k8887zn1!19sChIJF5ITKgY90i0RpZ9y7kkHv5s?authuser=0&hl=en&rclk=1
Villa Ubud Heart,https://www.google.com/maps/place/Villa+Ubud+Heart/data=!4m10!3m9!1s0x2dd23d64135d93ad:0x261d11fc2a6faa81!5m2!4m1!1i2!8m2!3d-8.504138!4d115.2624602!16s%2Fg%2F11nxnqh_rz!19sChIJrZNdE2Q90i0RgapvKvwRHSY?authuser=0&hl=en&rclk=1
Ubud villa,https://www.google.com/maps/place/Ubud+villa/data=!4m7!3m6!1s0x2dd2179430151a81:0x5cdc78bb3ab485a!8m2!3d-8.4952747!4d115.283878!16s%2Fg%2F11sb6s5z7t!19sChIJgRoVMJQX0i0RWkirs4vHzQU?authuser=0&hl=en&rclk=1
Secret Bunutan Ubud Villa,https://www.google.com/maps/place/Secret+Bunutan+Ubud+Villa/data=!4m10!3m9!1s0x2dd22391a042f0bb:0x6aa92e92ad84eab!5m2!4m1!1i2!8m2!3d-8.4745131!4d115.2480352!16s%2Fg%2F11f5vddx8x!19sChIJu_BCoJEj0i0Rq07YKumSqgY?authuser=0&hl=en&rclk=1
Prabhu Ubud Villa,https://www.google.com/maps/place/Prabhu+Ubud+Villa/data=!4m10!3m9!1s0x2dd23d64a40924e9:0x9edfeb5eb36f02a1!5m2!4m1!1i2!8m2!3d-8.4875511!4d115.2520712!16s%2Fg%2F11hzhqyvf_!19sChIJ6SQJpGQ90i0RoQJvs17r354?authuser=0&hl=en&rclk=1
D'bunut ubud villa,https://www.google.com/maps/place/D'bunut+ubud+villa/data=!4m10!3m9!1s0x2dd22393ce077c13:0xbd8efb0c59dde530!5m2!4m1!1i2!8m2!3d-8.4789558!4d115.2518335!16s%2Fg%2F11fvwjd0m5!19sChIJE3wHzpMj0i0RMOXdWQz7jr0?authuser=0&hl=en&rclk=1
Ubud Hills Villas & Resort,https://www.google.com/maps/place/Ubud+Hills+Villas+%26+Resort/data=!4m10!3m9!1s0x2dd223e8c26c006f:0x97bc1570aeeb825c!5m2!4m1!1i2!8m2!3d-8.4657406!4d115.2793788!16s%2Fg%2F11fhr7xjq3!19sChIJbwBswugj0i0RXILrrnAVvJc?authuser=0&hl=en&rclk=1
Villa Mandi Ubud,https://www.google.com/maps/place/Villa+Mandi+Ubud/data=!4m10!3m9!1s0x2dd23d10b33184af:0x61edb0d5fa27a188!5m2!4m1!1i2!8m2!3d-8.514782!4d115.250479!16s%2Fg%2F1pp2t_8mb!19sChIJr4QxsxA90i0RiKEn-tWw7WE?authuser=0&hl=en&rclk=1
Luwak Ubud Villas,https://www.google.com/maps/place/Luwak+Ubud+Villas/data=!4m10!3m9!1s0x2dd23d41f16694e1:0x6dd5a131b9f0150b!5m2!4m1!1i2!8m2!3d-8.4928342!4d115.2662324!16s%2Fg%2F11_f34862!19sChIJ4ZRm8UE90i0RCxXwuTGh1W0?authuser=0&hl=en&rclk=1
Hotel Villa Ubud,https://www.google.com/maps/place/Hotel+Villa+Ubud/data=!4m10!3m9!1s0x2dd217e669d08901:0xaf7cca57778046d4!5m2!4m1!1i2!8m2!3d-8.4990939!4d115.2935249!16s%2Fg%2F1vp2ybxt!19sChIJAYnQaeYX0i0R1EaAd1fKfK8?authuser=0&hl=en&rclk=1
Mango Ubud Villa,https://www.google.com/maps/place/Mango+Ubud+Villa/data=!4m10!3m9!1s0x2dd23d9cb926c01b:0x365e18ede1095109!5m2!4m1!1i2!8m2!3d-8.4930106!4d115.2813384!16s%2Fg%2F11p772z0b5!19sChIJG8AmuZw90i0RCVEJ4e0YXjY?authuser=0&hl=en&rclk=1
Ladera Villa Ubud,https://www.google.com/maps/place/Ladera+Villa+Ubud/data=!4m10!3m9!1s0x2dd23d15213fbac3:0x1dff024f9af95b8b!5m2!4m1!1i2!8m2!3d-8.5079526!4d115.2589433!16s%2Fg%2F1pzyqdq3d!19sChIJw7o_IRU90i0Ri1v5mk8C_x0?authuser=0&hl=en&rclk=1
Nau villa ubud,https://www.google.com/maps/place/Nau+villa+ubud/data=!4m10!3m9!1s0x2dd218b1e057d14f:0xb8b213b1d14d91f7!5m2!4m1!1i2!8m2!3d-8.4091953!4d115.2954064!16s%2Fg%2F11gdyt2h0g!19sChIJT9FX4LEY0i0R95FN0bETsrg?authuser=0&hl=en&rclk=1
Bidadari Private Villas & Retreat,https://www.google.com/maps/place/Bidadari+Private+Villas+%26+Retreat/data=!4m10!3m9!1s0x2dd222b94857aacb:0xb148635a046b9bf0!5m2!4m1!1i2!8m2!3d-8.4703304!4d115.2642992!16s%2Fg%2F11bc7nwt8l!19sChIJy6pXSLki0i0R8JtrBFpjSLE?authuser=0&hl=en&rclk=1
Villa Ubud Luxury Resort,https://www.google.com/maps/place/Villa+Ubud+Luxury+Resort/data=!4m10!3m9!1s0x2dd23dbf5569338f:0xb8c4a9b752d98b8b!5m2!4m1!1i2!8m2!3d-8.501806!4d115.282389!16s%2Fg%2F11rxms3f7b!19sChIJjzNpVb890i0Ri4vZUrepxLg?authuser=0&hl=en&rclk=1
Amora Ubud Boutique Villas,https://www.google.com/maps/place/Amora+Ubud+Boutique+Villas/data=!4m10!3m9!1s0x2dd23d3655ba7d7d:0xa3102492c50c35f8!5m2!4m1!1i2!8m2!3d-8.4928833!4d115.2572357!16s%2Fg%2F11g69h5bll!19sChIJfX26VTY90i0R-DUMxZIkEKM?authuser=0&hl=en&rclk=1
Villa Di Abing Ubud,https://www.google.com/maps/place/Villa+Di+Abing+Ubud/data=!4m7!3m6!1s0x2dd23d6e9695b409:0x4fcfc4cce3750d70!8m2!3d-8.5115326!4d115.2671073!16s%2Fg%2F11f08ky4cy!19sChIJCbSVlm490i0RcA1148zEz08?authuser=0&hl=en&rclk=1
Freddies Villas Ubud Bali,https://www.google.com/maps/place/Freddies+Villas+Ubud+Bali/data=!4m10!3m9!1s0x2dd23fe56dc0ae97:0xb42daf43039b9c66!5m2!4m1!1i2!8m2!3d-8.5784983!4d115.2650975!16s%2Fg%2F11fcnsct2x!19sChIJl67AbeU_0i0RZpybA0OvLbQ?authuser=0&hl=en&rclk=1
Natha Ubud Private Pool Villas,https://www.google.com/maps/place/Natha+Ubud+Private+Pool+Villas/data=!4m7!3m6!1s0x2dd23db9e1763ed3:0x72827f85c5d4db94!8m2!3d-8.5374145!4d115.2432479!16s%2Fg%2F11cp3f4gcw!19sChIJ0z524bk90i0RlNvUxYV_gnI?authuser=0&hl=en&rclk=1
The Kampung Ubud Villa,https://www.google.com/maps/place/The+Kampung+Ubud+Villa/data=!4m7!3m6!1s0x2dd23d1520d3ffff:0x9deec851b393d842!8m2!3d-8.5079604!4d115.2589161!16s%2Fg%2F11fkp0d536!19sChIJ___TIBU90i0RQtiTs1HI7p0?authuser=0&hl=en&rclk=1
Aria Villas Ubud,https://www.google.com/maps/place/Aria+Villas+Ubud/data=!4m10!3m9!1s0x2dd23d69810f63cd:0xbe3df9564a69aadc!5m2!4m1!1i2!8m2!3d-8.5038815!4d115.2687776!16s%2Fg%2F11b636knh3!19sChIJzWMPgWk90i0R3KppSlb5Pb4?authuser=0&hl=en&rclk=1
Laba Ubud Villa,https://www.google.com/maps/place/Laba+Ubud+Villa/data=!4m10!3m9!1s0x2dd222b3a1bf12e5:0x1473479fe2c580bc!5m2!4m1!1i2!8m2!3d-8.4819091!4d115.2673075!16s%2Fg%2F11f4wt5rlh!19sChIJ5RK_obMi0i0RvIDF4p9HcxQ?authuser=0&hl=en&rclk=1
Madara Ubud Villas,https://www.google.com/maps/place/Madara+Ubud+Villas/data=!4m10!3m9!1s0x2dd23da8cf01df57:0x30623f2778a3d1ab!5m2!4m1!1i2!8m2!3d-8.5027898!4d115.2674279!16s%2Fg%2F11r4wlbxn4!19sChIJV98Bz6g90i0Rq9GjeCc_YjA?authuser=0&hl=en&rclk=1
Alam Ubud Culture Villas & Residences,https://www.google.com/maps/place/Alam+Ubud+Culture+Villas+%26+Residences/data=!4m10!3m9!1s0x2dd223ffffe05a87:0x25df276e240ca261!5m2!4m1!1i2!8m2!3d-8.4569138!4d115.2819278!16s%2Fg%2F12qfhfjf3!19sChIJh1rg__8j0i0RYaIMJG4n3yU?authuser=0&hl=en&rclk=1
The White Villas,https://www.google.com/maps/place/The+White+Villas/data=!4m10!3m9!1s0x2dd23d4211e5a9e5:0x53817341543ad617!5m2!4m1!1i2!8m2!3d-8.5041838!4d115.2671528!16s%2Fg%2F12hlmyglm!19sChIJ5anlEUI90i0RF9Y6VEFzgVM?authuser=0&hl=en&rclk=1
Cahaya Villa Ubud,https://www.google.com/maps/place/Cahaya+Villa+Ubud/data=!4m10!3m9!1s0x2dd23d384f9077e1:0x416e0881eee7510e!5m2!4m1!1i2!8m2!3d-8.4973124!4d115.2577433!16s%2Fg%2F11c52p9r6w!19sChIJ4XeQTzg90i0RDlHn7oEIbkE?authuser=0&hl=en&rclk=1
Lod Ubud Villa,https://www.google.com/maps/place/Lod+Ubud+Villa/data=!4m10!3m9!1s0x2dd23d8ee30fc885:0x24611502c1c53061!5m2!4m1!1i2!8m2!3d-8.5520493!4d115.2531541!16s%2Fg%2F11hzwyt5zs!19sChIJhcgP44490i0RYTDFwQIVYSQ?authuser=0&hl=en&rclk=1
Ubud Dedari Villas,https://www.google.com/maps/place/Ubud+Dedari+Villas/data=!4m10!3m9!1s0x2dd2162b68d8c2b5:0xdc380e407aec0ec0!5m2!4m1!1i2!8m2!3d-8.5274672!4d115.2884854!16s%2Fg%2F1tg0h9q9!19sChIJtcLYaCsW0i0RwA7sekAOONw?authuser=0&hl=en&rclk=1
UBUD,https://www.google.com/maps/place/UBUD/data=!4m10!3m9!1s0x2dd23d411d3f6817:0x3d42544fed2376f7!5m2!4m1!1i2!8m2!3d-8.5020041!4d115.2630019!16s%2Fg%2F11gxdtqpck!19sChIJF2g_HUE90i0R93Yj7U9UQj0?authuser=0&hl=en&rclk=1
Lavina Ubud Villas,https://www.google.com/maps/place/Lavina+Ubud+Villas/data=!4m10!3m9!1s0x2dd23d1ea77bfce7:0xadf1942771bce39f!5m2!4m1!1i2!8m2!3d-8.5494554!4d115.2574284!16s%2Fg%2F11qh2qh8_c!19sChIJ5_x7px490i0Rn-O8cSeU8a0?authuser=0&hl=en&rclk=1
The Forest Villa Ubud,https://www.google.com/maps/place/The+Forest+Villa+Ubud/data=!4m10!3m9!1s0x2dd222c4fc2f8dd9:0x90d4403ed75bb4f9!5m2!4m1!1i2!8m2!3d-8.4736053!4d115.250404!16s%2Fg%2F11b7yqc_bz!19sChIJ2Y0v_MQi0i0R-bRb1z5A1JA?authuser=0&hl=en&rclk=1
KAKUL VILLA UBUD,https://www.google.com/maps/place/KAKUL+VILLA+UBUD/data=!4m10!3m9!1s0x2dd23d985bc01d73:0x924efa58bdc4035c!5m2!4m1!1i2!8m2!3d-8.5335982!4d115.2615213!16s%2Fg%2F11bycfmxwd!19sChIJcx3AW5g90i0RXAPEvVj6TpI?authuser=0&hl=en&rclk=1
Villa Olé,https://www.google.com/maps/place/Villa+Ol%C3%A9/data=!4m10!3m9!1s0x2dd23d954fa00ab7:0x2410b73cd1ca9c1d!5m2!4m1!1i2!8m2!3d-8.5454404!4d115.2617985!16s%2Fg%2F11f4wt15yy!19sChIJtwqgT5U90i0RHZzK0Ty3ECQ?authuser=0&hl=en&rclk=1
Villa D'Uma,https://www.google.com/maps/place/Villa+D'Uma/data=!4m10!3m9!1s0x2dd23d16bfba995d:0x8e6c5545a7baeab5!5m2!4m1!1i2!8m2!3d-8.5099514!4d115.252853!16s%2Fg%2F11cp5znm9r!19sChIJXZm6vxY90i0Rteq6p0VVbI4?authuser=0&hl=en&rclk=1
Villa Ubud,https://www.google.com/maps/place/Villa+Ubud/data=!4m7!3m6!1s0x2dd247105bb26519:0xcbfdc1eabaf97533!8m2!3d-8.682836!4d115.155801!16s%2Fg%2F1s04w57rl!19sChIJGWWyWxBH0i0RM3X5uurB_cs?authuser=0&hl=en&rclk=1
Umae Villa Ubud,https://www.google.com/maps/place/Umae+Villa+Ubud/data=!4m10!3m9!1s0x2dd23d75993b6e15:0x5b235b328c274734!5m2!4m1!1i2!8m2!3d-8.5213695!4d115.2623776!16s%2Fg%2F1ptxl12hj!19sChIJFW47mXU90i0RNEcnjDJbI1s?authuser=0&hl=en&rclk=1
TEMUKU VILLAS UBUD,https://www.google.com/maps/place/TEMUKU+VILLAS+UBUD/data=!4m10!3m9!1s0x2dd23d2d5f3d72b5:0xcc7b9106a7945dd4!5m2!4m1!1i2!8m2!3d-8.4894005!4d115.2478491!16s%2Fg%2F11clw9kbkf!19sChIJtXI9Xy090i0R1F2UpwaRe8w?authuser=0&hl=en&rclk=1
Villa Ubud,https://www.google.com/maps/place/Villa+Ubud/data=!4m7!3m6!1s0x2dd217e66472ad61:0x66fa0e3a27936287!8m2!3d-8.4990221!4d115.2929533!16s%2Fg%2F11hd1r6_k5!19sChIJYa1yZOYX0i0Rh2KTJzoO-mY?authuser=0&hl=en&rclk=1
Villa Bedauh Ubud,https://www.google.com/maps/place/Villa+Bedauh+Ubud/data=!4m10!3m9!1s0x2dd222c95a412795:0x7362c12bbaf6ac9!5m2!4m1!1i2!8m2!3d-8.4796337!4d115.2543775!16s%2Fg%2F11f5ly6fb0!19sChIJlSdBWski0i0RyWqvuxIsNgc?authuser=0&hl=en&rclk=1
"Royal Kamuela Villas & Suites at Monkey Forest, Ubud","https://www.google.com/maps/place/Royal+Kamuela+Villas+%26+Suites+at+Monkey+Forest,+Ubud/data=!4m10!3m9!1s0x2dd23d6d364acf01:0x1bb50fbe5ecd82ea!5m2!4m1!1i2!8m2!3d-8.516003!4d115.2599864!16s%2Fg%2F1tflv9c6!19sChIJAc9KNm090i0R6oLNXr4PtRs?authuser=0&hl=en&rclk=1"
Pratiwi Ubud Villa,https://www.google.com/maps/place/Pratiwi+Ubud+Villa/data=!4m10!3m9!1s0x2dd222c4a0847d65:0x7592fb17054eb6ed!5m2!4m1!1i2!8m2!3d-8.4709183!4d115.2494572!16s%2Fg%2F11f4wt9sm7!19sChIJZX2EoMQi0i0R7bZOBRf7knU?authuser=0&hl=en&rclk=1
Villa JJ & Spa Ubud,https://www.google.com/maps/place/Villa+JJ+%26+Spa+Ubud/data=!4m10!3m9!1s0x2dd223486742184f:0x857f3c75b942d4e!5m2!4m1!1i2!8m2!3d-8.4701921!4d115.2748931!16s%2Fg%2F11bvt9p0n8!19sChIJTxhCZ0gj0i0RTi2UW8fzVwg?authuser=0&hl=en&rclk=1
Adiwana Arya Villas,https://www.google.com/maps/place/Adiwana+Arya+Villas/data=!4m10!3m9!1s0x2dd23d07a5ec5a8d:0x740aede27b943564!5m2!4m1!1i2!8m2!3d-8.5248993!4d115.2457505!16s%2Fg%2F11f394sbr2!19sChIJjVrspQc90i0RZDWUe-LtCnQ?authuser=0&hl=en&rclk=1
Ubud Green,https://www.google.com/maps/place/Ubud+Green/data=!4m10!3m9!1s0x2dd23d418a89ef05:0x53387bc6c5a02191!5m2!4m1!1i2!8m2!3d-8.4933391!4d115.2665758!16s%2Fg%2F119tqr8hk!19sChIJBe-JikE90i0RkSGgxcZ7OFM?authuser=0&hl=en&rclk=1
Villa Ubud Retreat,https://www.google.com/maps/place/Villa+Ubud+Retreat/data=!4m7!3m6!1s0x2dd223ab9c2081f3:0x280bf6e3595acfe2!8m2!3d-8.4827635!4d115.2666714!16s%2Fg%2F11h4c3g11q!19sChIJ84EgnKsj0i0R4s9aWeP2Cyg?authuser=0&hl=en&rclk=1
Bije Villa,https://www.google.com/maps/place/Bije+Villa/data=!4m10!3m9!1s0x2dd23d4b92663b85:0xaa075244964c8162!5m2!4m1!1i2!8m2!3d-8.4887834!4d115.2651022!16s%2Fg%2F11c0r2wpg0!19sChIJhTtmkks90i0RYoFMlkRSB6o?authuser=0&hl=en&rclk=1
Sunrise Villa Ubud,https://www.google.com/maps/place/Sunrise+Villa+Ubud/data=!4m10!3m9!1s0x2dd23d3a1d28ba8b:0x8a2742d1a1bf8457!5m2!4m1!1i2!8m2!3d-8.4963276!4d115.2536158!16s%2Fg%2F11bwyh0tvv!19sChIJi7ooHTo90i0RV4S_odFCJ4o?authuser=0&hl=en&rclk=1
Ubud Heaven Penestanan Villas Bali,https://www.google.com/maps/place/Ubud+Heaven+Penestanan+Villas+Bali/data=!4m10!3m9!1s0x2dd23d3c547bccf5:0xd1c85ad551427d1e!5m2!4m1!1i2!8m2!3d-8.5033242!4d115.2513091!16s%2Fg%2F1jky845r7!19sChIJ9cx7VDw90i0RHn1CUdVayNE?authuser=0&hl=en&rclk=1
Zenubud Villa,https://www.google.com/maps/place/Zenubud+Villa/data=!4m10!3m9!1s0x2dd23d57279f55d7:0xaeed63d2fa6f4fb0!5m2!4m1!1i2!8m2!3d-8.4916666!4d115.2787369!16s%2Fg%2F1tf2hvlr!19sChIJ11WfJ1c90i0RsE9v-tJj7a4?authuser=0&hl=en&rclk=1
Villa Ubud Sunshine,https://www.google.com/maps/place/Villa+Ubud+Sunshine/data=!4m10!3m9!1s0x2dd23d14b6a9ebc3:0x88f2a0b6b55f34d7!5m2!4m1!1i2!8m2!3d-8.5098063!4d115.2597933!16s%2Fg%2F11bwyc9ffq!19sChIJw-upthQ90i0R1zRftbag8og?authuser=0&hl=en&rclk=1
Sekar Ubud Villa & Hotel,https://www.google.com/maps/place/Sekar+Ubud+Villa+%26+Hotel/data=!4m10!3m9!1s0x2dd23d0ff8df3e53:0xfbd589909208505e!5m2!4m1!1i2!8m2!3d-8.5237886!4d115.2416613!16s%2Fg%2F11h4n2q4_p!19sChIJUz7f-A890i0RXlAIkpCJ1fs?authuser=0&hl=en&rclk=1
B&O Ubud villa,https://www.google.com/maps/place/B%26O+Ubud+villa/data=!4m7!3m6!1s0x2dd23dfba49598eb:0xbbaec3753a13bc37!8m2!3d-8.5222657!4d115.2430384!16s%2Fg%2F11tc8lrn9d!19sChIJ65iVpPs90i0RN7wTOnXDrrs?authuser=0&hl=en&rclk=1
Amala Villas Ubud,https://www.google.com/maps/place/Amala+Villas+Ubud/data=!4m10!3m9!1s0x2dd222eb4dc17dc3:0x3976bcd21a8ea595!5m2!4m1!1i2!8m2!3d-8.4653685!4d115.2604236!16s%2Fg%2F1q5hrj2fp!19sChIJw33BTesi0i0RlaWOGtK8djk?authuser=0&hl=en&rclk=1
Teras Sungai Ubud Villa Villas Bali,https://www.google.com/maps/place/Teras+Sungai+Ubud+Villa+Villas+Bali/data=!4m7!3m6!1s0x2dd23d152d33dcdd:0x71a2dfac035ae792!8m2!3d-8.5074304!4d115.2595067!16s%2Fg%2F1vzn2zxm!19sChIJ3dwzLRU90i0RkudaA6zfonE?authuser=0&hl=en&rclk=1
Villa Lumbung,https://www.google.com/maps/place/Villa+Lumbung/data=!4m10!3m9!1s0x2dd222beb1c5d1a5:0x7557634320e22e50!5m2!4m1!1i2!8m2!3d-8.4662987!4d115.2661073!16s%2Fg%2F11b73pf1rs!19sChIJpdHFsb4i0i0RUC7iIENjV3U?authuser=0&hl=en&rclk=1
Ubud Rice Field Villa,https://www.google.com/maps/place/Ubud+Rice+Field+Villa/data=!4m10!3m9!1s0x2dd222e7f093c67f:0xf24aab651d716684!5m2!4m1!1i2!8m2!3d-8.4654157!4d115.2478236!16s%2Fg%2F11c43bj9nm!19sChIJf8aT8Oci0i0RhGZxHWWrSvI?authuser=0&hl=en&rclk=1
Luxe Villas Bali,https://www.google.com/maps/place/Luxe+Villas+Bali/data=!4m10!3m9!1s0x2dd23d413cc8debd:0x7c61451ba10a77ab!5m2!4m1!1i2!8m2!3d-8.4965619!4d115.261169!16s%2Fg%2F126351q1z!19sChIJvd7IPEE90i0Rq3cKoRtFYXw?authuser=0&hl=en&rclk=1
Ubud Hidden Villa,https://www.google.com/maps/place/Ubud+Hidden+Villa/data=!4m10!3m9!1s0x2dd23d68aff968d9:0xd8c6a942d8cf5c0b!5m2!4m1!1i2!8m2!3d-8.5034259!4d115.2714837!16s%2Fg%2F1ptxrldd0!19sChIJ2Wj5r2g90i0RC1zP2EKpxtg?authuser=0&hl=en&rclk=1
Azure Villa Ubud,https://www.google.com/maps/place/Azure+Villa+Ubud/data=!4m10!3m9!1s0x2dd23dc47cc21d97:0xf24c0ea21729eca8!5m2!4m1!1i2!8m2!3d-8.5431328!4d115.2611964!16s%2Fg%2F11q1c_0dhj!19sChIJlx3CfMQ90i0RqOwpF6IOTPI?authuser=0&hl=en&rclk=1
Govala Ubud Villas & Spa,https://www.google.com/maps/place/Govala+Ubud+Villas+%26+Spa/data=!4m10!3m9!1s0x2dd223daaed39701:0x9e8cc426f4b123b6!5m2!4m1!1i2!8m2!3d-8.4665484!4d115.2664631!16s%2Fg%2F11rh0n2tjc!19sChIJAZfTrtoj0i0RtiOx9CbEjJ4?authuser=0&hl=en&rclk=1
Ubud Virgin Villa 2,https://www.google.com/maps/place/Ubud+Virgin+Villa+2/data=!4m7!3m6!1s0x2dd222bca73bc047:0x3bfec6f6a7e09798!8m2!3d-8.4692798!4d115.2711513!16s%2Fg%2F11c0q0q5lz!19sChIJR8A7p7wi0i0RmJfgp_bG_js?authuser=0&hl=en&rclk=1
Ubud Hillside Villa,https://www.google.com/maps/place/Ubud+Hillside+Villa/data=!4m7!3m6!1s0x2dd223d81b843c1b:0xc465cd5a53f4b88b!8m2!3d-8.4767305!4d115.2670864!16s%2Fg%2F11r_fp42j3!19sChIJGzyEG9gj0i0Ri7j0U1rNZcQ?authuser=0&hl=en&rclk=1
Nyuh Bali - Luxury Villa Resort & Spa in Ubud,https://www.google.com/maps/place/Nyuh+Bali+-+Luxury+Villa+Resort+%26+Spa+in+Ubud/data=!4m10!3m9!1s0x2dd23de14dedac6b:0x85737feba246664b!5m2!4m1!1i2!8m2!3d-8.5585306!4d115.2664113!16s%2Fg%2F11gfmssxn4!19sChIJa6ztTeE90i0RS2ZGout_c4U?authuser=0&hl=en&rclk=1
Lasamana Villas Ubud,https://www.google.com/maps/place/Lasamana+Villas+Ubud/data=!4m10!3m9!1s0x2dd23d3a0a7f6aa5:0xedec2820d47ea721!5m2!4m1!1i2!8m2!3d-8.4983085!4d115.2611689!16s%2Fg%2F11rms2p15d!19sChIJpWp_Cjo90i0RIad-1CAo7O0?authuser=0&hl=en&rclk=1
Ubud ParasVilla,https://www.google.com/maps/place/Ubud+ParasVilla/data=!4m10!3m9!1s0x2dd23d00854ea683:0xc8c8aae2955f1e90!5m2!4m1!1i2!8m2!3d-8.4866294!4d115.2547531!16s%2Fg%2F11h2n72rbk!19sChIJg6ZOhQA90i0RkB5fleKqyMg?authuser=0&hl=en&rclk=1
Villa San,https://www.google.com/maps/place/Villa+San/data=!4m10!3m9!1s0x2dd23d6a805caf2f:0x91ed183495aeb96e!5m2!4m1!1i2!8m2!3d-8.5027143!4d115.2640865!16s%2Fg%2F1q5hrgmlj!19sChIJL69cgGo90i0RbrmulTQY7ZE?authuser=0&hl=en&rclk=1
Kaja villa ubud,https://www.google.com/maps/place/Kaja+villa+ubud/data=!4m10!3m9!1s0x2dd2231a79cef067:0xc0c018a64d246ffc!5m2!4m1!1i2!8m2!3d-8.428249!4d115.259575!16s%2Fg%2F11h5npz28p!19sChIJZ_DOeRoj0i0R_G8kTaYYwMA?authuser=0&hl=en&rclk=1
The Desa Villa Ubud,https://www.google.com/maps/place/The+Desa+Villa+Ubud/data=!4m10!3m9!1s0x2dd222b86d01400d:0xaf3a7e0bcee066ca!5m2!4m1!1i2!8m2!3d-8.4745928!4d115.2606481!16s%2Fg%2F1q5gp54xc!19sChIJDUABbbgi0i0Rymbgzgt-Oq8?authuser=0&hl=en&rclk=1
Mandana Ubud Villa,https://www.google.com/maps/place/Mandana+Ubud+Villa/data=!4m10!3m9!1s0x2dd22358221dab59:0xe1d0c10fbf84b098!5m2!4m1!1i2!8m2!3d-8.462024!4d115.277631!16s%2Fg%2F11f62d_whs!19sChIJWasdIlgj0i0RmLCEvw_B0OE?authuser=0&hl=en&rclk=1
D’WANA Ubud Villa,https://www.google.com/maps/place/D%E2%80%99WANA+Ubud+Villa/data=!4m10!3m9!1s0x2dd223a23560bd9d:0xb2b2a66b7ea5ca7e!5m2!4m1!1i2!8m2!3d-8.4842622!4d115.2534496!16s%2Fg%2F11h8j148rf!19sChIJnb1gNaIj0i0RfsqlfmumsrI?authuser=0&hl=en&rclk=1
Ubud Paradise luxury villa,https://www.google.com/maps/place/Ubud+Paradise+luxury+villa/data=!4m10!3m9!1s0x2dd22371e5fedec9:0xba66a393f20bfd81!5m2!4m1!1i2!8m2!3d-8.4844681!4d115.2537945!16s%2Fg%2F11hfrvz3vm!19sChIJyd7-5XEj0i0Rgf0L8pOjZro?authuser=0&hl=en&rclk=1
Uma Sari Ubud Villas,https://www.google.com/maps/place/Uma+Sari+Ubud+Villas/data=!4m10!3m9!1s0x2dd23d9d2f1fb8d7:0x125f98eb12d3803!5m2!4m1!1i2!8m2!3d-8.52949!4d115.2717503!16s%2Fg%2F11dx8pnc5v!19sChIJ17gfL5090i0RAzgtsY75JQE?authuser=0&hl=en&rclk=1
D'bale Ananda Ubud Villa,https://www.google.com/maps/place/D'bale+Ananda+Ubud+Villa/data=!4m10!3m9!1s0x2dd222b93fb89bef:0x5d40c50eff26458!5m2!4m1!1i2!8m2!3d-8.4710745!4d115.2643727!16s%2Fg%2F11hbk5fw7z!19sChIJ75u4P7ki0i0RWGTy71AM1AU?authuser=0&hl=en&rclk=1
Ubud River Villa,https://www.google.com/maps/place/Ubud+River+Villa/data=!4m7!3m6!1s0x2dd222cdb88fbfd7:0xbffb10265cfe9d4c!8m2!3d-8.4822604!4d115.2501935!16s%2Fg%2F11j8k90ltm!19sChIJ17-PuM0i0i0RTJ3-XCYQ-78?authuser=0&hl=en&rclk=1
Villa Bagus Ubud,https://www.google.com/maps/place/Villa+Bagus+Ubud/data=!4m10!3m9!1s0x2dd23df7c439f973:0xb586776ed4cb088d!5m2!4m1!1i2!8m2!3d-8.5281114!4d115.2683036!16s%2Fg%2F11pxll39kk!19sChIJc_k5xPc90i0RjQjL1G53hrU?authuser=0&hl=en&rclk=1
The Junior Villa Ubud,https://www.google.com/maps/place/The+Junior+Villa+Ubud/data=!4m10!3m9!1s0x2dd23d033f248957:0x283c1b711ef9b59e!5m2!4m1!1i2!8m2!3d-8.5178009!4d115.2403181!16s%2Fg%2F11fxfqq8jm!19sChIJV4kkPwM90i0RnrX5HnEbPCg?authuser=0&hl=en&rclk=1
Puri Landu Ubud Luxury villas,https://www.google.com/maps/place/Puri+Landu+Ubud+Luxury+villas/data=!4m10!3m9!1s0x2dd222bb4177db63:0x45bc032534d4a1cc!5m2!4m1!1i2!8m2!3d-8.4704578!4d115.2706134!16s%2Fg%2F11clgkgnhk!19sChIJY9t3Qbsi0i0RzKHUNCUDvEU?authuser=0&hl=en&rclk=1
Bhakti Ubud Villa,https://www.google.com/maps/place/Bhakti+Ubud+Villa/data=!4m7!3m6!1s0x2dd23d2980c3fcaf:0xd28e83efafd64a22!8m2!3d-8.4979746!4d115.2577323!16s%2Fg%2F11mqx1_766!19sChIJr_zDgCk90i0RIkrWr--DjtI?authuser=0&hl=en&rclk=1
Villa Figaro,https://www.google.com/maps/place/Villa+Figaro/data=!4m7!3m6!1s0x2dd23da153f65ddf:0x49e5af182a6935ab!8m2!3d-8.5031471!4d115.2675194!16s%2Fg%2F11rwqq4236!19sChIJ3132U6E90i0RqzVpKhiv5Uk?authuser=0&hl=en&rclk=1
Tegal Mesari Ubud Villa,https://www.google.com/maps/place/Tegal+Mesari+Ubud+Villa/data=!4m10!3m9!1s0x2dd223eda1ce3123:0xbd2980d55f80c658!5m2!4m1!1i2!8m2!3d-8.4777636!4d115.250581!16s%2Fg%2F11h1mjfxdk!19sChIJIzHOoe0j0i0RWMaAX9WAKb0?authuser=0&hl=en&rclk=1
Wos Ubud Villa,https://www.google.com/maps/place/Wos+Ubud+Villa/data=!4m7!3m6!1s0x2dd23daaacfe7849:0x6572e05ac40c2f9e!8m2!3d-8.5521136!4d115.2527542!16s%2Fg%2F11fpl0yv52!19sChIJSXj-rKo90i0Rni8MxFrgcmU?authuser=0&hl=en&rclk=1
Ubud Heaven Sayan Villas Bali,https://www.google.com/maps/place/Ubud+Heaven+Sayan+Villas+Bali/data=!4m10!3m9!1s0x2dd23d24db5a7e6b:0xe37aad5050e83507!5m2!4m1!1i2!8m2!3d-8.500022!4d115.245263!16s%2Fg%2F11b7y7xbjz!19sChIJa35a2yQ90i0RBzXoUFCteuM?authuser=0&hl=en&rclk=1
Alam Ubud Villa,https://www.google.com/maps/place/Alam+Ubud+Villa/data=!4m7!3m6!1s0x2dd23dc20540ff57:0xe061cf50c21fb00b!8m2!3d-8.5008119!4d115.2699162!16s%2Fg%2F11jb871lr4!19sChIJV_9ABcI90i0RC7AfwlDPYeA?authuser=0&hl=en&rclk=1
Umaya Villa Ubud,https://www.google.com/maps/place/Umaya+Villa+Ubud/data=!4m10!3m9!1s0x2dd23d0cbc46b161:0x1c6bb0b0eb5d2af!5m2!4m1!1i2!8m2!3d-8.51968!4d115.2588272!16s%2Fg%2F11c3xdmk_y!19sChIJYbFGvAw90i0Rr9K1Dgu7xgE?authuser=0&hl=en&rclk=1
Govala Ubud Villas & Spa,https://www.google.com/maps/place/Govala+Ubud+Villas+%26+Spa/data=!4m7!3m6!1s0x2dd223daaed39701:0x9e8cc426f4b123b6!8m2!3d-8.4665484!4d115.2664631!16s%2Fg%2F11rh0n2tjc!19sChIJAZfTrtoj0i0RtiOx9CbEjJ4?authuser=0&hl=en&rclk=1
Lasamana Villas Ubud,https://www.google.com/maps/place/Lasamana+Villas+Ubud/data=!4m7!3m6!1s0x2dd23d3a0a7f6aa5:0xedec2820d47ea721!8m2!3d-8.4983085!4d115.2611689!16s%2Fg%2F11rms2p15d!19sChIJpWp_Cjo90i0RIad-1CAo7O0?authuser=0&hl=en&rclk=1
Patrisia ubud villa,https://www.google.com/maps/place/Patrisia+ubud+villa/data=!4m7!3m6!1s0x2dd23d380ef452bb:0x2172a9f55dd63e96!8m2!3d-8.5628358!4d115.2541834!16s%2Fg%2F11lgxmv4wt!19sChIJu1L0Djg90i0Rlj7WXfWpciE?authuser=0&hl=en&rclk=1
The Samaya Ubud Bali,https://www.google.com/maps/place/The+Samaya+Ubud+Bali/data=!4m7!3m6!1s0x2dd222c54a18d5cd:0xf090ce548b20d803!8m2!3d-8.5134693!4d115.236889!16s%2Fg%2F1tdhp3j5!19sChIJzdUYSsUi0i0RA9ggi1TOkPA?authuser=0&hl=en&rclk=1
Ubud Hidden Villa,https://www.google.com/maps/place/Ubud+Hidden+Villa/data=!4m7!3m6!1s0x2dd23d68aff968d9:0xd8c6a942d8cf5c0b!8m2!3d-8.5034259!4d115.2714837!16s%2Fg%2F1ptxrldd0!19sChIJ2Wj5r2g90i0RC1zP2EKpxtg?authuser=0&hl=en&rclk=1
Moringa Ubud Villa,https://www.google.com/maps/place/Moringa+Ubud+Villa/data=!4m7!3m6!1s0x2dd2233d188dbfbb:0xd36751ae77bff56e!8m2!3d-8.4704507!4d115.2451339!16s%2Fg%2F11h4d3srqp!19sChIJu7-NGD0j0i0RbvW_d65RZ9M?authuser=0&hl=en&rclk=1
Bagus Ubud Villa,https://www.google.com/maps/place/Bagus+Ubud+Villa/data=!4m7!3m6!1s0x2dd222c53e6c2e8d:0xa3b83a5c48f28d49!8m2!3d-8.4744049!4d115.2495673!16s%2Fg%2F11hds1fss5!19sChIJjS5sPsUi0i0RSY3ySFw6uKM?authuser=0&hl=en&rclk=1
Puri Galih Villa Ubud,https://www.google.com/maps/place/Puri+Galih+Villa+Ubud/data=!4m7!3m6!1s0x2dd23d32e6d8002b:0xc89ab7c48f70f17c!8m2!3d-8.4873803!4d115.2507428!16s%2Fg%2F11f0krm877!19sChIJKwDY5jI90i0RfPFwj8S3msg?authuser=0&hl=en&rclk=1
Villa Nirvana,https://www.google.com/maps/place/Villa+Nirvana/data=!4m7!3m6!1s0x2dd23d3d685f1033:0xb33462755a3ca1d4!8m2!3d-8.5031372!4d115.2500272!16s%2Fg%2F1tg0b3vh!19sChIJMxBfaD090i0R1KE8WnViNLM?authuser=0&hl=en&rclk=1
Uma Jala Villa Ubud,https://www.google.com/maps/place/Uma+Jala+Villa+Ubud/data=!4m7!3m6!1s0x2dd23d7ef5c6e327:0x472f17d69fa3e8e8!8m2!3d-8.510772!4d115.2448991!16s%2Fg%2F11rsrk2xpx!19sChIJJ-PG9X490i0R6Oijn9YXL0c?authuser=0&hl=en&rclk=1
Ubud Batik Villa Kedewatan,https://www.google.com/maps/place/Ubud+Batik+Villa+Kedewatan/data=!4m7!3m6!1s0x2dd23d2e5d07fce7:0x3cb650bd7384424a!8m2!3d-8.4927264!4d115.2457904!16s%2Fg%2F11b72sv4k4!19sChIJ5_wHXS490i0RSkKEc71Qtjw?authuser=0&hl=en&rclk=1
Buana Tirta Ubud Villa,https://www.google.com/maps/place/Buana+Tirta+Ubud+Villa/data=!4m7!3m6!1s0x2dd222cec6b8c6f7:0xffc3592cc85ab620!8m2!3d-8.4785547!4d115.2537815!16s%2Fg%2F11c6v_9szh!19sChIJ98a4xs4i0i0RILZayCxZw_8?authuser=0&hl=en&rclk=1
The Desa Villa Ubud,https://www.google.com/maps/place/The+Desa+Villa+Ubud/data=!4m7!3m6!1s0x2dd222b86d01400d:0xaf3a7e0bcee066ca!8m2!3d-8.4745928!4d115.2606481!16s%2Fg%2F1q5gp54xc!19sChIJDUABbbgi0i0Rymbgzgt-Oq8?authuser=0&hl=en&rclk=1
Kaja villa ubud,https://www.google.com/maps/place/Kaja+villa+ubud/data=!4m7!3m6!1s0x2dd2231a79cef067:0xc0c018a64d246ffc!8m2!3d-8.428249!4d115.259575!16s%2Fg%2F11h5npz28p!19sChIJZ_DOeRoj0i0R_G8kTaYYwMA?authuser=0&hl=en&rclk=1
Villa Swan Ubud,https://www.google.com/maps/place/Villa+Swan+Ubud/data=!4m7!3m6!1s0x2dd23974060d195f:0xbae85c3e242d3e43!8m2!3d-8.4912358!4d115.2548137!16s%2Fg%2F11f9zrdf9z!19sChIJXxkNBnQ50i0RQz4tJD5c6Lo?authuser=0&hl=en&rclk=1
Villa Saia Ubud,https://www.google.com/maps/place/Villa+Saia+Ubud/data=!4m7!3m6!1s0x2dd23d1cedca167d:0x338f26b925eeef8!8m2!3d-8.522263!4d115.2510384!16s%2Fg%2F11f7btg6p9!19sChIJfRbK7Rw90i0R-O5ekmvyOAM?authuser=0&hl=en&rclk=1
Kadiga Villas,https://www.google.com/maps/place/Kadiga+Villas/data=!4m10!3m9!1s0x2dd23da02491683d:0xa2241c59a476d3d8!5m2!4m1!1i2!8m2!3d-8.5267038!4d115.2582092!16s%2Fg%2F11b7l2f50b!19sChIJPWiRJKA90i0R2NN2pFkcJKI?authuser=0&hl=en&rclk=1
The Samaya Ubud Bali,https://www.google.com/maps/place/The+Samaya+Ubud+Bali/data=!4m10!3m9!1s0x2dd222c54a18d5cd:0xf090ce548b20d803!5m2!4m1!1i2!8m2!3d-8.5134693!4d115.236889!16s%2Fg%2F1tdhp3j5!19sChIJzdUYSsUi0i0RA9ggi1TOkPA?authuser=0&hl=en&rclk=1
Ubud Raya Villa,https://www.google.com/maps/place/Ubud+Raya+Villa/data=!4m10!3m9!1s0x2dd23d026fc65b6b:0xbe27d8ad39f1196f!5m2!4m1!1i2!8m2!3d-8.5212406!4d115.2367205!16s%2Fg%2F11c584bkf0!19sChIJa1vGbwI90i0RbxnxOa3YJ74?authuser=0&hl=en&rclk=1
Ubud Lestari Villa,https://www.google.com/maps/place/Ubud+Lestari+Villa/data=!4m10!3m9!1s0x2dd23dc15e4e3a7f:0x4df1184e00ebe5a5!5m2!4m1!1i2!8m2!3d-8.5510509!4d115.2554659!16s%2Fg%2F11cs3_lyfj!19sChIJfzpOXsE90i0RpeXrAE4Y8U0?authuser=0&hl=en&rclk=1
Adi Villa Ubud,https://www.google.com/maps/place/Adi+Villa+Ubud/data=!4m7!3m6!1s0x2dd23d98b8489cc3:0x64bb8f2b8f2373b4!8m2!3d-8.5251193!4d115.2433855!16s%2Fg%2F11jdr02twk!19sChIJw5xIuJg90i0RtHMjjyuPu2Q?authuser=0&hl=en&rclk=1
Villa sindu ubud,https://www.google.com/maps/place/Villa+sindu+ubud/data=!4m10!3m9!1s0x2dd23d01a0c5ad6f:0x5359cc2ad393e824!5m2!4m1!1i2!8m2!3d-8.5181598!4d115.2352066!16s%2Fg%2F11f9j8g529!19sChIJb63FoAE90i0RJOiT0yrMWVM?authuser=0&hl=en&rclk=1
Uma de Ubud Villa,https://www.google.com/maps/place/Uma+de+Ubud+Villa/data=!4m7!3m6!1s0x2dd23d20e06ddc2d:0x62aa9664c948e005!8m2!3d-8.5206692!4d115.2484786!16s%2Fg%2F11sqtm6vs0!19sChIJLdxt4CA90i0RBeBIyWSWqmI?authuser=0&hl=en&rclk=1
Gopala villa ubud,https://www.google.com/maps/place/Gopala+villa+ubud/data=!4m7!3m6!1s0x2dd23d876d16ba67:0x65f9a1a377a4b242!8m2!3d-8.5481542!4d115.2258098!16s%2Fg%2F11fn2ptxpc!19sChIJZ7oWbYc90i0RQrKkd6Oh-WU?authuser=0&hl=en&rclk=1
Villa Saia Ubud,https://www.google.com/maps/place/Villa+Saia+Ubud/data=!4m10!3m9!1s0x2dd23d1cedca167d:0x338f26b925eeef8!5m2!4m1!1i2!8m2!3d-8.522263!4d115.2510384!16s%2Fg%2F11f7btg6p9!19sChIJfRbK7Rw90i0R-O5ekmvyOAM?authuser=0&hl=en&rclk=1
Villa Ubud Riverside,https://www.google.com/maps/place/Villa+Ubud+Riverside/data=!4m7!3m6!1s0x2dd23f6206b5065f:0xc205667d36b9a996!8m2!3d-8.5963045!4d115.2525914!16s%2Fg%2F11h1dgktr7!19sChIJXwa1BmI_0i0Rlqm5Nn1mBcI?authuser=0&hl=en&rclk=1
Uma Jala Villa Ubud,https://www.google.com/maps/place/Uma+Jala+Villa+Ubud/data=!4m10!3m9!1s0x2dd23d7ef5c6e327:0x472f17d69fa3e8e8!5m2!4m1!1i2!8m2!3d-8.510772!4d115.2448991!16s%2Fg%2F11rsrk2xpx!19sChIJJ-PG9X490i0R6Oijn9YXL0c?authuser=0&hl=en&rclk=1
Villa Omkara Ubud,https://www.google.com/maps/place/Villa+Omkara+Ubud/data=!4m10!3m9!1s0x2dd23f7dfa1e5833:0x86b85b85f06eaddc!5m2!4m1!1i2!8m2!3d-8.5725015!4d115.2670331!16s%2Fg%2F11m41dcrxn!19sChIJM1ge-n0_0i0R3K1u8IVbuIY?authuser=0&hl=en&rclk=1
The Villa Ubud,https://www.google.com/maps/place/The+Villa+Ubud/data=!4m10!3m9!1s0x2dd23deaf65bebef:0x4ad1a859a1189f01!5m2!4m1!1i2!8m2!3d-8.5481227!4d115.2620231!16s%2Fg%2F11dz3vtxrj!19sChIJ7-tb9uo90i0RAZ8YoVmo0Uo?authuser=0&hl=en&rclk=1
Ubud Secret Villa,https://www.google.com/maps/place/Ubud+Secret+Villa/data=!4m7!3m6!1s0x2dd23dda00402cc9:0xb01e6cae7ca6d550!8m2!3d-8.50054!4d115.2468757!16s%2Fg%2F11j5jn94q2!19sChIJySxAANo90i0RUNWmfK5sHrA?authuser=0&hl=en&rclk=1
Maduwana Ubud Villa,https://www.google.com/maps/place/Maduwana+Ubud+Villa/data=!4m7!3m6!1s0x2dd23d70fce04311:0xa8c3dadbc66a42c5!8m2!3d-8.5520355!4d115.2533901!16s%2Fg%2F11pv27vq6w!19sChIJEUPg_HA90i0RxUJqxtvaw6g?authuser=0&hl=en&rclk=1
Bije Villa,https://www.google.com/maps/place/Bije+Villa/data=!4m7!3m6!1s0x2dd23d4b92663b85:0xaa075244964c8162!8m2!3d-8.4887834!4d115.2651022!16s%2Fg%2F11c0r2wpg0!19sChIJhTtmkks90i0RYoFMlkRSB6o?authuser=0&hl=en&rclk=1
"The Jungle Villa Penestanan Kelod Sayan,ubud","https://www.google.com/maps/place/The+Jungle+Villa+Penestanan+Kelod+Sayan,ubud/data=!4m7!3m6!1s0x2dd23d554bd6b30d:0xbb078cee4076549!8m2!3d-8.5112939!4d115.2510734!16s%2Fg%2F11h76149fr!19sChIJDbPWS1U90i0RSWUH5M54sAs?authuser=0&hl=en&rclk=1"
Villa San,https://www.google.com/maps/place/Villa+San/data=!4m7!3m6!1s0x2dd23d6a805caf2f:0x91ed183495aeb96e!8m2!3d-8.5027143!4d115.2640865!16s%2Fg%2F1q5hrgmlj!19sChIJL69cgGo90i0RbrmulTQY7ZE?authuser=0&hl=en&rclk=1
Azure Villa Ubud,https://www.google.com/maps/place/Azure+Villa+Ubud/data=!4m7!3m6!1s0x2dd23dc47cc21d97:0xf24c0ea21729eca8!8m2!3d-8.5431328!4d115.2611964!16s%2Fg%2F11q1c_0dhj!19sChIJlx3CfMQ90i0RqOwpF6IOTPI?authuser=0&hl=en&rclk=1
Ubud Rice Field Villa,https://www.google.com/maps/place/Ubud+Rice+Field+Villa/data=!4m7!3m6!1s0x2dd222e7f093c67f:0xf24aab651d716684!8m2!3d-8.4654157!4d115.2478236!16s%2Fg%2F11c43bj9nm!19sChIJf8aT8Oci0i0RhGZxHWWrSvI?authuser=0&hl=en&rclk=1
Ubud Peaceful Villa,https://www.google.com/maps/place/Ubud+Peaceful+Villa/data=!4m7!3m6!1s0x2dd23d893d084d4d:0x20ecabeb56c279a6!8m2!3d-8.5127051!4d115.2496032!16s%2Fg%2F11h60fb78s!19sChIJTU0IPYk90i0RpnnCVuur7CA?authuser=0&hl=en&rclk=1
Luxe Villas Bali,https://www.google.com/maps/place/Luxe+Villas+Bali/data=!4m7!3m6!1s0x2dd23d413cc8debd:0x7c61451ba10a77ab!8m2!3d-8.4965619!4d115.261169!16s%2Fg%2F126351q1z!19sChIJvd7IPEE90i0Rq3cKoRtFYXw?authuser=0&hl=en&rclk=1
Pondok Saraswati Villas Ubud,https://www.google.com/maps/place/Pondok+Saraswati+Villas+Ubud/data=!4m7!3m6!1s0x2dd23de98c2a07f5:0x71655bb114856013!8m2!3d-8.5511344!4d115.2612351!16s%2Fg%2F11b7f3p4n5!19sChIJ9QcqjOk90i0RE2CFFLFbZXE?authuser=0&hl=en&rclk=1
Pratiwi Ubud Villa,https://www.google.com/maps/place/Pratiwi+Ubud+Villa/data=!4m7!3m6!1s0x2dd222c4a0847d65:0x7592fb17054eb6ed!8m2!3d-8.4709183!4d115.2494572!16s%2Fg%2F11f4wt9sm7!19sChIJZX2EoMQi0i0R7bZOBRf7knU?authuser=0&hl=en&rclk=1
Ubud ArtVilla,https://www.google.com/maps/place/Ubud+ArtVilla/data=!4m7!3m6!1s0x2dd23d3df137c7e1:0xc2ca98c8aaf45cc0!8m2!3d-8.5054429!4d115.252382!16s%2Fg%2F11b_24s376!19sChIJ4cc38T090i0RwFz0qsiYysI?authuser=0&hl=en&rclk=1
Gino Feruci Villa & Spa Ubud,https://www.google.com/maps/place/Gino+Feruci+Villa+%26+Spa+Ubud/data=!4m7!3m6!1s0x2dd23d96086054ed:0xd5bd6719d855a22b!8m2!3d-8.5405411!4d115.2611977!16s%2Fg%2F1ptymrl49!19sChIJ7VRgCJY90i0RK6JV2BlnvdU?authuser=0&hl=en&rclk=1
Fullmoon Villa Ubud,https://www.google.com/maps/place/Fullmoon+Villa+Ubud/data=!4m7!3m6!1s0x2dd23d962a42c919:0x420f1626650a6f32!8m2!3d-8.53849!4d115.26015!16s%2Fg%2F11btv67rfj!19sChIJGclCKpY90i0RMm8KZSYWD0I?authuser=0&hl=en&rclk=1
Alam Ubud Culture Villas & Residences,https://www.google.com/maps/place/Alam+Ubud+Culture+Villas+%26+Residences/data=!4m7!3m6!1s0x2dd223ffffe05a87:0x25df276e240ca261!8m2!3d-8.4569138!4d115.2819278!16s%2Fg%2F12qfhfjf3!19sChIJh1rg__8j0i0RYaIMJG4n3yU?authuser=0&hl=en&rclk=1
"deLodtunduh Villa, lost in ubud","https://www.google.com/maps/place/deLodtunduh+Villa,+lost+in+ubud/data=!4m7!3m6!1s0x2dd23d946b17ac51:0x6dc5f53f197d1953!8m2!3d-8.5416702!4d115.2648059!16s%2Fg%2F11f66tbhpd!19sChIJUawXa5Q90i0RUxl9GT_1xW0?authuser=0&hl=en&rclk=1"
Anandari Ubud villa,https://www.google.com/maps/place/Anandari+Ubud+villa/data=!4m10!3m9!1s0x2dd2230e846237f5:0x55176abf0021eb96!5m2!4m1!1i2!8m2!3d-8.4309694!4d115.2778736!16s%2Fg%2F11k5nx0wpd!19sChIJ9TdihA4j0i0RlushAL9qF1U?authuser=0&hl=en&rclk=1
Samsara Ubud,https://www.google.com/maps/place/Samsara+Ubud/data=!4m10!3m9!1s0x2dd2224194875edb:0x93425bfbfa13a2a4!5m2!4m1!1i2!8m2!3d-8.429069!4d115.258453!16s%2Fg%2F11dxf062sv!19sChIJ216HlEEi0i0RpKIT-vtbQpM?authuser=0&hl=en&rclk=1
Villa Bodhi Ubud,https://www.google.com/maps/place/Villa+Bodhi+Ubud/data=!4m10!3m9!1s0x2dd2233454f6c327:0x3b9f39421991ab1!5m2!4m1!1i2!8m2!3d-8.4134041!4d115.2517315!16s%2Fg%2F11fkmzw3_s!19sChIJJ8P2VDQj0i0RsRqZIZTzuQM?authuser=0&hl=en&rclk=1
Villa Kembang Bali Ubud,https://www.google.com/maps/place/Villa+Kembang+Bali+Ubud/data=!4m10!3m9!1s0x2dd22258c781798f:0xc90c063ce9c4ed9f!5m2!4m1!1i2!8m2!3d-8.4436496!4d115.2533184!16s%2Fg%2F11g7zdl2lc!19sChIJj3mBx1gi0i0Rn-3E6TwGDMk?authuser=0&hl=en&rclk=1
Villa Viola Ubud,https://www.google.com/maps/place/Villa+Viola+Ubud/data=!4m10!3m9!1s0x2dd2229328c7aa93:0xa61eba4270afc646!5m2!4m1!1i2!8m2!3d-8.4581131!4d115.2605097!16s%2Fg%2F11bxjr31rz!19sChIJk6rHKJMi0i0RRsavcEK6HqY?authuser=0&hl=en&rclk=1
Kusuma Ubud Villa,https://www.google.com/maps/place/Kusuma+Ubud+Villa/data=!4m10!3m9!1s0x2dd22256ebb399ab:0x828c1ae1256ccb1e!5m2!4m1!1i2!8m2!3d-8.4424542!4d115.2440017!16s%2Fg%2F11l8nqkp6w!19sChIJq5mz61Yi0i0RHstsJeEajII?authuser=0&hl=en&rclk=1
UBUD JUNGLE HOLY WATER,https://www.google.com/maps/place/UBUD+JUNGLE+HOLY+WATER/data=!4m10!3m9!1s0x2dd21880e38291e5:0xa96c1ded4f58fea5!5m2!4m1!1i2!8m2!3d-8.4398657!4d115.2881481!16s%2Fg%2F1yj4k3x00!19sChIJ5ZGC44AY0i0Rpf5YT-0dbKk?authuser=0&hl=en&rclk=1
Sandhya Villa Ubud,https://www.google.com/maps/place/Sandhya+Villa+Ubud/data=!4m10!3m9!1s0x2dd2230470f76503:0xde83a33dc72c83bd!5m2!4m1!1i2!8m2!3d-8.4362743!4d115.2546779!16s%2Fg%2F11h3n36syb!19sChIJA2X3cAQj0i0RvYMsxz2jg94?authuser=0&hl=en&rclk=1
Dzawani Villa Ubud,https://www.google.com/maps/place/Dzawani+Villa+Ubud/data=!4m7!3m6!1s0x2dd2239ad80c8915:0x2f815b2e8bbafc0d!8m2!3d-8.4156671!4d115.2826717!16s%2Fg%2F11mx5q44km!19sChIJFYkM2Joj0i0RDfy6iy5bgS8?authuser=0&hl=en&rclk=1
Dedary Resort Ubud,https://www.google.com/maps/place/Dedary+Resort+Ubud/data=!4m10!3m9!1s0x2dd218767540825d:0x494a6f31f82d9463!5m2!4m1!1i2!8m2!3d-8.4579506!4d115.2852793!16s%2Fg%2F11clwhx50j!19sChIJXYJAdXYY0i0RY5Qt-DFvSkk?authuser=0&hl=en&rclk=1
Dukuh Ubud Villa,https://www.google.com/maps/place/Dukuh+Ubud+Villa/data=!4m7!3m6!1s0x2dd22363db0852eb:0x4e720daaa7b985f3!8m2!3d-8.4482467!4d115.2438858!16s%2Fg%2F11hkw7blm7!19sChIJ61II22Mj0i0R84W5p6oNck4?authuser=0&hl=en&rclk=1
Villa Dani Ubud,https://www.google.com/maps/place/Villa+Dani+Ubud/data=!4m7!3m6!1s0x2dd223b162c12ca1:0x201959552320379b!8m2!3d-8.4271589!4d115.2835992!16s%2Fg%2F11gk8nmnjr!19sChIJoSzBYrEj0i0RmzcgI1VZGSA?authuser=0&hl=en&rclk=1
Chandana Ubud Villa,https://www.google.com/maps/place/Chandana+Ubud+Villa/data=!4m7!3m6!1s0x2dd223155a491ddd:0x2c578ed266a4b903!8m2!3d-8.4631841!4d115.2666493!16s%2Fg%2F11jnn58zs4!19sChIJ3R1JWhUj0i0RA7mkZtKOVyw?authuser=0&hl=en&rclk=1
Kubu Ananda Ubud Villa,https://www.google.com/maps/place/Kubu+Ananda+Ubud+Villa/data=!4m10!3m9!1s0x2dd2236c0986fd1b:0xc9259934e590b30c!5m2!4m1!1i2!8m2!3d-8.4653947!4d115.2641732!16s%2Fg%2F11k00m88r6!19sChIJG_2GCWwj0i0RDLOQ5TSZJck?authuser=0&hl=en&rclk=1
DANAKHA VILLA UBUD,https://www.google.com/maps/place/DANAKHA+VILLA+UBUD/data=!4m10!3m9!1s0x2dd2235b00dd2a65:0xe1cd013609173257!5m2!4m1!1i2!8m2!3d-8.4600293!4d115.281503!16s%2Fg%2F11rtp38rzk!19sChIJZSrdAFsj0i0RVzIXCTYBzeE?authuser=0&hl=en&rclk=1
Villa Rimba Ubud,https://www.google.com/maps/place/Villa+Rimba+Ubud/data=!4m10!3m9!1s0x2dd218bd4d42e629:0x138e962062ad781e!5m2!4m1!1i2!8m2!3d-8.421483!4d115.2957534!16s%2Fg%2F11bx9cz_3c!19sChIJKeZCTb0Y0i0RHnitYiCWjhM?authuser=0&hl=en&rclk=1
Darma Asih Ubud Villa,https://www.google.com/maps/place/Darma+Asih+Ubud+Villa/data=!4m10!3m9!1s0x2dd222b96a55e8f5:0x3ce03e7a2a3de756!5m2!4m1!1i2!8m2!3d-8.4712738!4d115.2646862!16s%2Fg%2F11f4wt1f52!19sChIJ9ehVarki0i0RVuc9Kno-4Dw?authuser=0&hl=en&rclk=1
The Bagus Lokha Ubud villa,https://www.google.com/maps/place/The+Bagus+Lokha+Ubud+villa/data=!4m7!3m6!1s0x2dd223e4962c89a5:0x6e88542cf3ae979c!8m2!3d-8.4604987!4d115.2743087!16s%2Fg%2F11jjl0k_9s!19sChIJpYksluQj0i0RnJeu8yxUiG4?authuser=0&hl=en&rclk=1
DD UBUD JUNGLE VILLA,https://www.google.com/maps/place/DD+UBUD+JUNGLE+VILLA/data=!4m10!3m9!1s0x2dd2198cf63ea3c1:0x298e65c7cb855dba!5m2!4m1!1i2!8m2!3d-8.4393645!4d115.2884064!16s%2Fg%2F11f69c2b8_!19sChIJwaM-9owZ0i0Rul2Fy8dljik?authuser=0&hl=en&rclk=1
Ubud Nadi Villa,https://www.google.com/maps/place/Ubud+Nadi+Villa/data=!4m10!3m9!1s0x2dd2239c5239da05:0x6afedbc1f52969c!5m2!4m1!1i2!8m2!3d-8.4622055!4d115.280308!16s%2Fg%2F11h4h3h63p!19sChIJBdo5Upwj0i0RnJZSH7ztrwY?authuser=0&hl=en&rclk=1
Ubud Syailendra Villas,https://www.google.com/maps/place/Ubud+Syailendra+Villas/data=!4m10!3m9!1s0x2dd2229996d40a73:0xa5fcdada21dad14f!5m2!4m1!1i2!8m2!3d-8.4627065!4d115.2736894!16s%2Fg%2F11f4wt7g48!19sChIJcwrUlpki0i0RT9HaIdra_KU?authuser=0&hl=en&rclk=1
Sandana ubud villa,https://www.google.com/maps/place/Sandana+ubud+villa/data=!4m10!3m9!1s0x2dd222bd5527ec19:0x460984f8a9ae8840!5m2!4m1!1i2!8m2!3d-8.4640425!4d115.2721232!16s%2Fg%2F11c605jx_h!19sChIJGewnVb0i0i0RQIiuqfiECUY?authuser=0&hl=en&rclk=1
Villa Amrita,https://www.google.com/maps/place/Villa+Amrita/data=!4m10!3m9!1s0x2dd23d4657310d25:0x3f69148d7fc707b5!5m2!4m1!1i2!8m2!3d-8.451198!4d115.2603003!16s%2Fg%2F1hc4nj11r!19sChIJJQ0xV0Y90i0RtQfHf40UaT8?authuser=0&hl=en&rclk=1
Ajun Villa,https://www.google.com/maps/place/Ajun+Villa/data=!4m10!3m9!1s0x2dd222b06d607205:0x88698ed0eb6cf177!5m2!4m1!1i2!8m2!3d-8.4752234!4d115.2704285!16s%2Fg%2F11bx1bnbmx!19sChIJBXJgbbAi0i0Rd_Fs69COaYg?authuser=0&hl=en&rclk=1
Moringa Ubud Villa,https://www.google.com/maps/place/Moringa+Ubud+Villa/data=!4m10!3m9!1s0x2dd2233d188dbfbb:0xd36751ae77bff56e!5m2!4m1!1i2!8m2!3d-8.4704507!4d115.2451339!16s%2Fg%2F11h4d3srqp!19sChIJu7-NGD0j0i0RbvW_d65RZ9M?authuser=0&hl=en&rclk=1
Infinity Villa Ubud,https://www.google.com/maps/place/Infinity+Villa+Ubud/data=!4m10!3m9!1s0x2dd222984fa925c1:0x91e4afa19f29c892!5m2!4m1!1i2!8m2!3d-8.4587778!4d115.2714861!16s%2Fg%2F1thr4l9c!19sChIJwSWpT5gi0i0Rksgpn6Gv5JE?authuser=0&hl=en&rclk=1
Daun Lebar Villas,https://www.google.com/maps/place/Daun+Lebar+Villas/data=!4m10!3m9!1s0x2dd223f8b65875fd:0xe995428efb37dcb9!5m2!4m1!1i2!8m2!3d-8.4174175!4d115.2341258!16s%2Fg%2F11g19v25jc!19sChIJ_XVYtvgj0i0Rudw3-45Clek?authuser=0&hl=en&rclk=1
Uma Padi Villa,https://www.google.com/maps/place/Uma+Padi+Villa/data=!4m10!3m9!1s0x2dd222cca8c4e15b:0xd40dae524c13a8b9!5m2!4m1!1i2!8m2!3d-8.4848031!4d115.2538095!16s%2Fg%2F11c3swc_16!19sChIJW-HEqMwi0i0RuagTTFKuDdQ?authuser=0&hl=en&rclk=1
Villa Viola Ubud,https://www.google.com/maps/place/Villa+Viola+Ubud/data=!4m10!3m9!1s0x2dd223c388db4cd3:0x94272ad54f0c215d!5m2!4m1!1i2!8m2!3d-8.4755471!4d115.2593043!16s%2Fg%2F11g_vp2gv1!19sChIJ00zbiMMj0i0RXSEMT9UqJ5Q?authuser=0&hl=en&rclk=1
Warisan Ubud Villa,https://www.google.com/maps/place/Warisan+Ubud+Villa/data=!4m10!3m9!1s0x2dd222a2aecb29e9:0x162ac66bcc98b2bc!5m2!4m1!1i2!8m2!3d-8.4644668!4d115.2722612!16s%2Fg%2F11f4wtmhsg!19sChIJ6SnLrqIi0i0RvLKYzGvGKhY?authuser=0&hl=en&rclk=1
Villa Mandi Ubud,https://www.google.com/maps/place/Villa+Mandi+Ubud/data=!4m7!3m6!1s0x2dd23d10b33184af:0x61edb0d5fa27a188!8m2!3d-8.514782!4d115.250479!16s%2Fg%2F1pp2t_8mb!19sChIJr4QxsxA90i0RiKEn-tWw7WE?authuser=0&hl=en&rclk=1
Villa Sorga Ubud by Akaza Villas,https://www.google.com/maps/place/Villa+Sorga+Ubud+by+Akaza+Villas/data=!4m7!3m6!1s0x2dd223d3516204d5:0x2c2a9588db8d661a!8m2!3d-8.4082526!4d115.2386846!16s%2Fg%2F11dzdd055n!19sChIJ1QRiUdMj0i0RGmaN24iVKiw?authuser=0&hl=en&rclk=1
MANGKUN VILLAS UBUD,https://www.google.com/maps/place/MANGKUN+VILLAS+UBUD/data=!4m7!3m6!1s0x2dd23df988b59703:0xce2be1ec599305c1!8m2!3d-8.4889067!4d115.2697222!16s%2Fg%2F11nnv2t_hp!19sChIJA5e1iPk90i0RwQWTWezhK84?authuser=0&hl=en&rclk=1
Villa Damai Ubud,https://www.google.com/maps/place/Villa+Damai+Ubud/data=!4m7!3m6!1s0x2dd23fda4d483d4d:0x8b1571c4838a94d4!8m2!3d-8.484704!4d115.2673873!16s%2Fg%2F11g4f6_8h0!19sChIJTT1ITdo_0i0R1JSKg8RxFYs?authuser=0&hl=en&rclk=1
Thantha Ubud Villa,https://www.google.com/maps/place/Thantha+Ubud+Villa/data=!4m7!3m6!1s0x2dd23da8e5219ee3:0xc44783ed07ce128c!8m2!3d-8.5299346!4d115.2458544!16s%2Fg%2F11f3jy28d3!19sChIJ454h5ag90i0RjBLOB-2DR8Q?authuser=0&hl=en&rclk=1
Sarasvati Ubud Villa,https://www.google.com/maps/place/Sarasvati+Ubud+Villa/data=!4m7!3m6!1s0x2dd22325b2b35b77:0x580454326624dc34!8m2!3d-8.4500694!4d115.2524447!16s%2Fg%2F11t9kcssv9!19sChIJd1uzsiUj0i0RNNwkZjJUBFg?authuser=0&hl=en&rclk=1
UBUD,https://www.google.com/maps/place/UBUD/data=!4m7!3m6!1s0x2dd23d411d3f6817:0x3d42544fed2376f7!8m2!3d-8.5020041!4d115.2630019!16s%2Fg%2F11gxdtqpck!19sChIJF2g_HUE90i0R93Yj7U9UQj0?authuser=0&hl=en&rclk=1
Prema Ubud Villas,https://www.google.com/maps/place/Prema+Ubud+Villas/data=!4m7!3m6!1s0x2dd23de1b6376aa9:0x2fec01a0c6e136fd!8m2!3d-8.5501772!4d115.2571167!16s%2Fg%2F11j0mq56n7!19sChIJqWo3tuE90i0R_TbhxqAB7C8?authuser=0&hl=en&rclk=1
Anggi Villas Gagah-Ubud,https://www.google.com/maps/place/Anggi+Villas+Gagah-Ubud/data=!4m7!3m6!1s0x2dd223096f1f010d:0x19a0c86a2b7471d8!8m2!3d-8.4451118!4d115.278957!16s%2Fg%2F11r4c2f5bd!19sChIJDQEfbwkj0i0R2HF0K2rIoBk?authuser=0&hl=en&rclk=1
Ubud ParasVilla,https://www.google.com/maps/place/Ubud+ParasVilla/data=!4m7!3m6!1s0x2dd23d00854ea683:0xc8c8aae2955f1e90!8m2!3d-8.4866294!4d115.2547531!16s%2Fg%2F11h2n72rbk!19sChIJg6ZOhQA90i0RkB5fleKqyMg?authuser=0&hl=en&rclk=1
The Bagus Lokha Villa Ubud,https://www.google.com/maps/place/The+Bagus+Lokha+Villa+Ubud/data=!4m7!3m6!1s0x2dd223c5f6186af9:0xb2c902a89cf80c66!8m2!3d-8.4775185!4d115.2666427!16s%2Fg%2F11lly4t7q7!19sChIJ-WoY9sUj0i0RZgz4nKgCybI?authuser=0&hl=en&rclk=1
Bakung Ubud Resort & Villa,https://www.google.com/maps/place/Bakung+Ubud+Resort+%26+Villa/data=!4m7!3m6!1s0x2dd222b306bf508f:0xebcb8110ca69bff6!8m2!3d-8.482455!4d115.2684987!16s%2Fg%2F11b7w0q46_!19sChIJj1C_BrMi0i0R9r9pyhCBy-s?authuser=0&hl=en&rclk=1
De Ubud Villas & Spa,https://www.google.com/maps/place/De+Ubud+Villas+%26+Spa/data=!4m7!3m6!1s0x2dd23d6cdb1ce925:0xf80ebf57c70893da!8m2!3d-8.5365167!4d115.2643262!16s%2Fg%2F1tht9kcr!19sChIJJekc22w90i0R2pMIx1e_Dvg?authuser=0&hl=en&rclk=1
Ubudku Villas,https://www.google.com/maps/place/Ubudku+Villas/data=!4m7!3m6!1s0x2dd23dcfb868c6d9:0x8f28ae1967f4d61c!8m2!3d-8.5087848!4d115.2676595!16s%2Fg%2F11hzbxx6gt!19sChIJ2cZouM890i0RHNb0ZxmuKI8?authuser=0&hl=en&rclk=1
A Villa Ubud,https://www.google.com/maps/place/A+Villa+Ubud/data=!4m7!3m6!1s0x2dd23d7675635449:0x260fa81e8d8ed79d!8m2!3d-8.5259619!4d115.2667727!16s%2Fg%2F11h1mkztsg!19sChIJSVRjdXY90i0RndeOjR6oDyY?authuser=0&hl=en&rclk=1
Asvara Villa Ubud - Romantic Honeymoon Villa in Ubud Bali,https://www.google.com/maps/place/Asvara+Villa+Ubud+-+Romantic+Honeymoon+Villa+in+Ubud+Bali/data=!4m7!3m6!1s0x2dd2237aaf10498f:0x476d6bd65b878a92!8m2!3d-8.4832863!4d115.2579433!16s%2Fg%2F11gjzg3y98!19sChIJj0kQr3oj0i0RkoqHW9ZrbUc?authuser=0&hl=en&rclk=1
The Kampung Ubud Villa,https://www.google.com/maps/place/The+Kampung+Ubud+Villa/data=!4m7!3m6!1s0x2dd23d1e9c297053:0x94fb0a384c5dbd44!8m2!3d-8.5155089!4d115.2378597!16s%2Fg%2F11xk1wxxf!19sChIJU3ApnB490i0RRL1dTDgK-5Q?authuser=0&hl=en&rclk=1
Ubud Virgin Villa,https://www.google.com/maps/place/Ubud+Virgin+Villa/data=!4m7!3m6!1s0x2dd222b08780cd27:0x885edc8e18f6beb2!8m2!3d-8.4751659!4d115.269032!16s%2Fg%2F11bxf9b8ls!19sChIJJ82Ah7Ai0i0Rsr72GI7cXog?authuser=0&hl=en&rclk=1
Vrindavan Ubud Villa,https://www.google.com/maps/place/Vrindavan+Ubud+Villa/data=!4m7!3m6!1s0x2dd21870e0815173:0xb2f6b7a37580f777!8m2!3d-8.4554262!4d115.2913185!16s%2Fg%2F11gg9hh2ws!19sChIJc1GB4HAY0i0Rd_eAdaO39rI?authuser=0&hl=en&rclk=1
Villa Ubud Hill,https://www.google.com/maps/place/Villa+Ubud+Hill/data=!4m7!3m6!1s0x2dd23fac06092a65:0x3a51666078fbeff2!8m2!3d-8.5004082!4d115.2699262!16s%2Fg%2F11f9h7095p!19sChIJZSoJBqw_0i0R8u_7eGBmUTo?authuser=0&hl=en&rclk=1
Ubud Luwih Nature Villa,https://www.google.com/maps/place/Ubud+Luwih+Nature+Villa/data=!4m7!3m6!1s0x2dd23d54ad38915f:0xcbc14e23070c4661!8m2!3d-8.4858444!4d115.2787311!16s%2Fg%2F11bxf44zd4!19sChIJX5E4rVQ90i0RYUYMByNOwcs?authuser=0&hl=en&rclk=1
Ubud Wana Villa,https://www.google.com/maps/place/Ubud+Wana+Villa/data=!4m7!3m6!1s0x2dd23d0c94a5ef2b:0xb09c18f2b446a092!8m2!3d-8.519542!4d115.258225!16s%2Fg%2F11bztg_td6!19sChIJK--llAw90i0RkqBGtPIYnLA?authuser=0&hl=en&rclk=1
Raditya Villas Ubud,https://www.google.com/maps/place/Raditya+Villas+Ubud/data=!4m7!3m6!1s0x2dd23d3858ab8dbd:0x4b0ad655c97d60a2!8m2!3d-8.4980623!4d115.2580719!16s%2Fg%2F11ggt4vll5!19sChIJvY2rWDg90i0RomB9yVXWCks?authuser=0&hl=en&rclk=1
Freddies Villas Ubud Bali,https://www.google.com/maps/place/Freddies+Villas+Ubud+Bali/data=!4m7!3m6!1s0x2dd23fe56dc0ae97:0xb42daf43039b9c66!8m2!3d-8.5784983!4d115.2650975!16s%2Fg%2F11fcnsct2x!19sChIJl67AbeU_0i0RZpybA0OvLbQ?authuser=0&hl=en&rclk=1
Dupa ubud villa,https://www.google.com/maps/place/Dupa+ubud+villa/data=!4m7!3m6!1s0x2dd222b291f8eab1:0xc85e247ffeed80!8m2!3d-8.4826917!4d115.2708816!16s%2Fg%2F11b7ztsy63!19sChIJser4kbIi0i0RgO3-fyReyAA?authuser=0&hl=en&rclk=1
Yoga Ubud Villa,https://www.google.com/maps/place/Yoga+Ubud+Villa/data=!4m7!3m6!1s0x2dd23d44301dd283:0xe9f2db5d0d8f701a!8m2!3d-8.4979773!4d115.2667844!16s%2Fg%2F11fy5d2wl2!19sChIJg9IdMEQ90i0RGnCPDV3b8uk?authuser=0&hl=en&rclk=1
Villa ubud,https://www.google.com/maps/place/Villa+ubud/data=!4m7!3m6!1s0x2dd23d3d7ffb70a9:0x2acc26b8585c8a95!8m2!3d-8.5060903!4d115.2511487!16s%2Fg%2F11b821wyt5!19sChIJqXD7fz090i0RlYpcWLgmzCo?authuser=0&hl=en&rclk=1
Kayangan Villa Ubud,https://www.google.com/maps/place/Kayangan+Villa+Ubud/data=!4m7!3m6!1s0x2dd223110864aad9:0xfea3665b5946c16!8m2!3d-8.4605414!4d115.2835188!16s%2Fg%2F11h5rztt3b!19sChIJ2apkCBEj0i0RFmyUtWU26g8?authuser=0&hl=en&rclk=1
Rescape Ubud,https://www.google.com/maps/place/Rescape+Ubud/data=!4m7!3m6!1s0x2dd23dddd1ea5bc1:0x9881a96d10e8ed0d!8m2!3d-8.5180569!4d115.2742655!16s%2Fg%2F11lkczvxk2!19sChIJwVvq0d090i0RDe3oEG2pgZg?authuser=0&hl=en&rclk=1
The Legend Khayangan,https://www.google.com/maps/place/The+Legend+Khayangan/data=!4m10!3m9!1s0x2dd215f8151cbfb3:0x119962e315c59d90!5m2!4m1!1i2!8m2!3d-8.5731679!4d115.286398!16s%2Fg%2F11bwpk4vdv!19sChIJs78cFfgV0i0RkJ3FFeNimRE?authuser=0&hl=en&rclk=1
Villa Waturenggong Ubud,https://www.google.com/maps/place/Villa+Waturenggong+Ubud/data=!4m10!3m9!1s0x2dd23d0df27afb15:0x2d0b09ecbe563b12!5m2!4m1!1i2!8m2!3d-8.5355537!4d115.2813487!16s%2Fg%2F11h_sj1f8_!19sChIJFft68g090i0REjtWvuwJCy0?authuser=0&hl=en&rclk=1
ANGGIRA VILLA UBUD,https://www.google.com/maps/place/ANGGIRA+VILLA+UBUD/data=!4m10!3m9!1s0x2dd23d8818b2799d:0x479ea5c49b13937a!5m2!4m1!1i2!8m2!3d-8.5353561!4d115.2833839!16s%2Fg%2F11f9xmk0g5!19sChIJnXmyGIg90i0RepMTm8Slnkc?authuser=0&hl=en&rclk=1
Sujiwa Ubud Retreat Villa,https://www.google.com/maps/place/Sujiwa+Ubud+Retreat+Villa/data=!4m10!3m9!1s0x2dd2161cdf8f5c2d:0x1be6555b842e0f02!5m2!4m1!1i2!8m2!3d-8.5470113!4d115.2863388!16s%2Fg%2F11jp05yh8c!19sChIJLVyP3xwW0i0RAg8uhFtV5hs?authuser=0&hl=en&rclk=1
"deLodtunduh Villa, lost in ubud","https://www.google.com/maps/place/deLodtunduh+Villa,+lost+in+ubud/data=!4m10!3m9!1s0x2dd23d946b17ac51:0x6dc5f53f197d1953!5m2!4m1!1i2!8m2!3d-8.5416702!4d115.2648059!16s%2Fg%2F11f66tbhpd!19sChIJUawXa5Q90i0RUxl9GT_1xW0?authuser=0&hl=en&rclk=1"
Villa Kayu Lama,https://www.google.com/maps/place/Villa+Kayu+Lama/data=!4m10!3m9!1s0x2dd23de8195e0e55:0x67209be7d821d2ee!5m2!4m1!1i2!8m2!3d-8.5731552!4d115.2663911!16s%2Fg%2F12h_d__1d!19sChIJVQ5eGeg90i0R7tIh2OebIGc?authuser=0&hl=en&rclk=1
Baliwid Villa Ubud,https://www.google.com/maps/place/Baliwid+Villa+Ubud/data=!4m7!3m6!1s0x2dd2161b7e242f6d:0xed2644935bd820bc!8m2!3d-8.5518254!4d115.2900306!16s%2Fg%2F11cjkjzhl6!19sChIJbS8kfhsW0i0RvCDYW5NEJu0?authuser=0&hl=en&rclk=1
Bali Villa Ubud,https://www.google.com/maps/place/Bali+Villa+Ubud/data=!4m7!3m6!1s0x2dd217e467b3c6f1:0x21650d2f9f8a68e2!8m2!3d-8.4960658!4d115.2902722!16s%2Fg%2F11bc7r67h9!19sChIJ8cazZ-QX0i0R4miKny8NZSE?authuser=0&hl=en&rclk=1
Villa Rice Home,https://www.google.com/maps/place/Villa+Rice+Home/data=!4m7!3m6!1s0x2dd23dda6ed03141:0xd1f1c736dace47d2!8m2!3d-8.5093194!4d115.2754692!16s%2Fg%2F11q1df_cpt!19sChIJQTHQbto90i0R0kfO2jbH8dE?authuser=0&hl=en&rclk=1
Villa Bakti Ubud,https://www.google.com/maps/place/Villa+Bakti+Ubud/data=!4m7!3m6!1s0x2dd2162a49631821:0xa5ddd8280d45cec4!8m2!3d-8.5274883!4d115.2865054!16s%2Fg%2F11b_23mft1!19sChIJIRhjSSoW0i0RxM5FDSjY3aU?authuser=0&hl=en&rclk=1
Masia Villa Ubud,https://www.google.com/maps/place/Masia+Villa+Ubud/data=!4m7!3m6!1s0x2dd23d411d3f6979:0xc7057bbb50beffcc!8m2!3d-8.497422!4d115.2613038!16s%2Fg%2F11cmy8cb4l!19sChIJeWk_HUE90i0RzP--ULt7Bcc?authuser=0&hl=en&rclk=1
The sawah villas,https://www.google.com/maps/place/The+sawah+villas/data=!4m7!3m6!1s0x2dd23df594aab29d:0x4c9f6d067fa08f1a!8m2!3d-8.5481896!4d115.2832415!16s%2Fg%2F11bwkb7f82!19sChIJnbKqlPU90i0RGo-gfwZtn0w?authuser=0&hl=en&rclk=1
Villa Alamanda,https://www.google.com/maps/place/Villa+Alamanda/data=!4m7!3m6!1s0x2dd23d82f61c29e5:0x951417d08deefc1e!8m2!3d-8.528075!4d115.286066!16s%2Fg%2F11xnb6jvx!19sChIJ5Skc9oI90i0RHvzujdAXFJU?authuser=0&hl=en&rclk=1
Ajun Villa,https://www.google.com/maps/place/Ajun+Villa/data=!4m7!3m6!1s0x2dd222b06d607205:0x88698ed0eb6cf177!8m2!3d-8.4752234!4d115.2704285!16s%2Fg%2F11bx1bnbmx!19sChIJBXJgbbAi0i0Rd_Fs69COaYg?authuser=0&hl=en&rclk=1
Awan Biru Villas Ubud,https://www.google.com/maps/place/Awan+Biru+Villas+Ubud/data=!4m10!3m9!1s0x2dd2206a11ba4409:0x2eb0082e9e346e72!5m2!4m1!1i2!8m2!3d-8.3469104!4d115.2540512!16s%2Fg%2F1s04bh0jy!19sChIJCUS6EWog0i0Rcm40ni4IsC4?authuser=0&hl=en&rclk=1
Lod Ubud Villa,https://www.google.com/maps/place/Lod+Ubud+Villa/data=!4m7!3m6!1s0x2dd23d8ee30fc885:0x24611502c1c53061!8m2!3d-8.5520493!4d115.2531541!16s%2Fg%2F11hzwyt5zs!19sChIJhcgP44490i0RYTDFwQIVYSQ?authuser=0&hl=en&rclk=1
The Mahogany Villa Ubud by Individual Bali Hospitality,https://www.google.com/maps/place/The+Mahogany+Villa+Ubud+by+Individual+Bali+Hospitality/data=!4m7!3m6!1s0x2dd2184157d3250d:0xecfadc9c973e4a28!8m2!3d-8.463341!4d115.308095!16s%2Fg%2F1hhhcgnv5!19sChIJDSXTV0EY0i0RKEo-l5zc-uw?authuser=0&hl=en&rclk=1
Villa Ubud Sunshine,https://www.google.com/maps/place/Villa+Ubud+Sunshine/data=!4m7!3m6!1s0x2dd23d14b6a9ebc3:0x88f2a0b6b55f34d7!8m2!3d-8.5098063!4d115.2597933!16s%2Fg%2F11bwyc9ffq!19sChIJw-upthQ90i0R1zRftbag8og?authuser=0&hl=en&rclk=1
Lavina Ubud Villas,https://www.google.com/maps/place/Lavina+Ubud+Villas/data=!4m7!3m6!1s0x2dd23d1ea77bfce7:0xadf1942771bce39f!8m2!3d-8.5494554!4d115.2574284!16s%2Fg%2F11qh2qh8_c!19sChIJ5_x7px490i0Rn-O8cSeU8a0?authuser=0&hl=en&rclk=1
UBUD JUNGLE HOLY WATER,https://www.google.com/maps/place/UBUD+JUNGLE+HOLY+WATER/data=!4m7!3m6!1s0x2dd21880e38291e5:0xa96c1ded4f58fea5!8m2!3d-8.4398657!4d115.2881481!16s%2Fg%2F1yj4k3x00!19sChIJ5ZGC44AY0i0Rpf5YT-0dbKk?authuser=0&hl=en&rclk=1
Villa Viola Ubud,https://www.google.com/maps/place/Villa+Viola+Ubud/data=!4m7!3m6!1s0x2dd223c388db4cd3:0x94272ad54f0c215d!8m2!3d-8.4755471!4d115.2593043!16s%2Fg%2F11g_vp2gv1!19sChIJ00zbiMMj0i0RXSEMT9UqJ5Q?authuser=0&hl=en&rclk=1
Wooden Villa,https://www.google.com/maps/place/Wooden+Villa/data=!4m7!3m6!1s0x2dd222b3b8e504d9:0xd185ecd983c6a5be!8m2!3d-8.4807526!4d115.2679249!16s%2Fg%2F11d_72ygfq!19sChIJ2QTluLMi0i0RvqXGg9nshdE?authuser=0&hl=en&rclk=1
Ubud Nadi Villa,https://www.google.com/maps/place/Ubud+Nadi+Villa/data=!4m7!3m6!1s0x2dd2239c5239da05:0x6afedbc1f52969c!8m2!3d-8.4622055!4d115.280308!16s%2Fg%2F11h4h3h63p!19sChIJBdo5Upwj0i0RnJZSH7ztrwY?authuser=0&hl=en&rclk=1
Palendra Villa - Payangan Ubud Bali,https://www.google.com/maps/place/Palendra+Villa+-+Payangan+Ubud+Bali/data=!4m7!3m6!1s0x2dd2215ad5c3dcd1:0x274bdcd3e5a0acd4!8m2!3d-8.3298964!4d115.2752005!16s%2Fg%2F11h8d6v2yn!19sChIJ0dzD1Voh0i0R1Kyg5dPcSyc?authuser=0&hl=en&rclk=1
Ubud Serendipity Villa,https://www.google.com/maps/place/Ubud+Serendipity+Villa/data=!4m10!3m9!1s0x2dd217f47b1d5bd5:0xede2d91f9fea2ecb!5m2!4m1!1i2!8m2!3d-8.4881596!4d115.3044389!16s%2Fg%2F11fhvmk6xh!19sChIJ1Vsde_QX0i0Ryy7qnx_Z4u0?authuser=0&hl=en&rclk=1
Aranata Ubud Villa,https://www.google.com/maps/place/Aranata+Ubud+Villa/data=!4m10!3m9!1s0x2dd217ea4ccc6fed:0x2e022a50e7f62289!5m2!4m1!1i2!8m2!3d-8.4998773!4d115.3033852!16s%2Fg%2F11hchxyvl8!19sChIJ7W_MTOoX0i0RiSL251AqAi4?authuser=0&hl=en&rclk=1
Villa sekembang ubud,https://www.google.com/maps/place/Villa+sekembang+ubud/data=!4m10!3m9!1s0x2dd23d667814d1e3:0x7db4abb9ada2bee1!5m2!4m1!1i2!8m2!3d-8.5095425!4d115.275847!16s%2Fg%2F11c6w0d6h9!19sChIJ49EUeGY90i0R4b6irbmrtH0?authuser=0&hl=en&rclk=1
The Mahogany Villa Ubud by Individual Bali Hospitality,https://www.google.com/maps/place/The+Mahogany+Villa+Ubud+by+Individual+Bali+Hospitality/data=!4m10!3m9!1s0x2dd2184157d3250d:0xecfadc9c973e4a28!5m2!4m1!1i2!8m2!3d-8.463341!4d115.308095!16s%2Fg%2F1hhhcgnv5!19sChIJDSXTV0EY0i0RKEo-l5zc-uw?authuser=0&hl=en&rclk=1
Kubu Ananda Ubud Villa,https://www.google.com/maps/place/Kubu+Ananda+Ubud+Villa/data=!4m7!3m6!1s0x2dd2236c0986fd1b:0xc9259934e590b30c!8m2!3d-8.4653947!4d115.2641732!16s%2Fg%2F11k00m88r6!19sChIJG_2GCWwj0i0RDLOQ5TSZJck?authuser=0&hl=en&rclk=1
Villa Waturenggong Ubud,https://www.google.com/maps/place/Villa+Waturenggong+Ubud/data=!4m7!3m6!1s0x2dd23d0df27afb15:0x2d0b09ecbe563b12!8m2!3d-8.5355537!4d115.2813487!16s%2Fg%2F11h_sj1f8_!19sChIJFft68g090i0REjtWvuwJCy0?authuser=0&hl=en&rclk=1
Anandari Ubud villa,https://www.google.com/maps/place/Anandari+Ubud+villa/data=!4m7!3m6!1s0x2dd2230e846237f5:0x55176abf0021eb96!8m2!3d-8.4309694!4d115.2778736!16s%2Fg%2F11k5nx0wpd!19sChIJ9TdihA4j0i0RlushAL9qF1U?authuser=0&hl=en&rclk=1
Sekar Ubud Villa & Hotel,https://www.google.com/maps/place/Sekar+Ubud+Villa+%26+Hotel/data=!4m7!3m6!1s0x2dd23d0ff8df3e53:0xfbd589909208505e!8m2!3d-8.5237886!4d115.2416613!16s%2Fg%2F11h4n2q4_p!19sChIJUz7f-A890i0RXlAIkpCJ1fs?authuser=0&hl=en&rclk=1
DANAKHA VILLA UBUD,https://www.google.com/maps/place/DANAKHA+VILLA+UBUD/data=!4m7!3m6!1s0x2dd2235b00dd2a65:0xe1cd013609173257!8m2!3d-8.4600293!4d115.281503!16s%2Fg%2F11rtp38rzk!19sChIJZSrdAFsj0i0RVzIXCTYBzeE?authuser=0&hl=en&rclk=1
Nyuh Bali - Luxury Villa Resort & Spa in Ubud,https://www.google.com/maps/place/Nyuh+Bali+-+Luxury+Villa+Resort+%26+Spa+in+Ubud/data=!4m7!3m6!1s0x2dd23de14dedac6b:0x85737feba246664b!8m2!3d-8.5585306!4d115.2664113!16s%2Fg%2F11gfmssxn4!19sChIJa6ztTeE90i0RS2ZGout_c4U?authuser=0&hl=en&rclk=1
ANGGIRA VILLA UBUD,https://www.google.com/maps/place/ANGGIRA+VILLA+UBUD/data=!4m7!3m6!1s0x2dd23d8818b2799d:0x479ea5c49b13937a!8m2!3d-8.5353561!4d115.2833839!16s%2Fg%2F11f9xmk0g5!19sChIJnXmyGIg90i0RepMTm8Slnkc?authuser=0&hl=en&rclk=1
Infinity Villa Ubud,https://www.google.com/maps/place/Infinity+Villa+Ubud/data=!4m7!3m6!1s0x2dd222984fa925c1:0x91e4afa19f29c892!8m2!3d-8.4587778!4d115.2714861!16s%2Fg%2F1thr4l9c!19sChIJwSWpT5gi0i0Rksgpn6Gv5JE?authuser=0&hl=en&rclk=1
PURI SEDANA UBUD VILLA,https://www.google.com/maps/place/PURI+SEDANA+UBUD+VILLA/data=!4m7!3m6!1s0x2dd23de721f582fb:0xe56d50d7eab9c77a!8m2!3d-8.4915481!4d115.2532785!16s%2Fg%2F11fnrlq6dx!19sChIJ-4L1Iec90i0Rese56tdQbeU?authuser=0&hl=en&rclk=1
Puri Galih Villa Ubud,https://www.google.com/maps/place/Puri+Galih+Villa+Ubud/data=!4m10!3m9!1s0x2dd23d32e6d8002b:0xc89ab7c48f70f17c!5m2!4m1!1i2!8m2!3d-8.4873803!4d115.2507428!16s%2Fg%2F11f0krm877!19sChIJKwDY5jI90i0RfPFwj8S3msg?authuser=0&hl=en&rclk=1
Villa sekembang ubud,https://www.google.com/maps/place/Villa+sekembang+ubud/data=!4m7!3m6!1s0x2dd23d667814d1e3:0x7db4abb9ada2bee1!8m2!3d-8.5095425!4d115.275847!16s%2Fg%2F11c6w0d6h9!19sChIJ49EUeGY90i0R4b6irbmrtH0?authuser=0&hl=en&rclk=1
Awan Biru Villas Ubud,https://www.google.com/maps/place/Awan+Biru+Villas+Ubud/data=!4m7!3m6!1s0x2dd2206a11ba4409:0x2eb0082e9e346e72!8m2!3d-8.3469104!4d115.2540512!16s%2Fg%2F1s04bh0jy!19sChIJCUS6EWog0i0Rcm40ni4IsC4?authuser=0&hl=en&rclk=1
Daun Lebar Villas,https://www.google.com/maps/place/Daun+Lebar+Villas/data=!4m7!3m6!1s0x2dd223f8b65875fd:0xe995428efb37dcb9!8m2!3d-8.4174175!4d115.2341258!16s%2Fg%2F11g19v25jc!19sChIJ_XVYtvgj0i0Rudw3-45Clek?authuser=0&hl=en&rclk=1
Kidem Ubud Villas,https://www.google.com/maps/place/Kidem+Ubud+Villas/data=!4m7!3m6!1s0x2dd23db165e4666d:0xfa1f7937f401097c!8m2!3d-8.4972042!4d115.2572061!16s%2Fg%2F11fr5ddgk8!19sChIJbWbkZbE90i0RfAkB9Dd5H_o?authuser=0&hl=en&rclk=1
Ubud Villa,https://www.google.com/maps/place/Ubud+Villa/data=!4m7!3m6!1s0x2dd247197456c361:0x2a92d2808c11e036!8m2!3d-8.6864736!4d115.1605177!16s%2Fg%2F11gf8gsqvs!19sChIJYcNWdBlH0i0RNuARjIDSkio?authuser=0&hl=en&rclk=1
Ubud Villa,https://www.google.com/maps/place/Ubud+Villa/data=!4m7!3m6!1s0x2dd24730e4840371:0xa5fefe7e100e9f2f!8m2!3d-8.680379!4d115.178087!16s%2Fg%2F119wlz8n9!19sChIJcQOE5DBH0i0RL58OEH7-_qU?authuser=0&hl=en&rclk=1
Villa Ubud,https://www.google.com/maps/place/Villa+Ubud/data=!4m7!3m6!1s0x2dd2389bf6b1d00b:0x5f269fce330dad2!8m2!3d-8.648684!4d115.158209!16s%2Fg%2F1pty6n862!19sChIJC9Cx9ps40i0R0tow4_xp8gU?authuser=0&hl=en&rclk=1
All Ubud Villas,https://www.google.com/maps/place/All+Ubud+Villas/data=!4m7!3m6!1s0x2dd2410cbe55919f:0x90c8dacb5057bb33!8m2!3d-8.7086758!4d115.229326!16s%2Fg%2F11b70dcqfj!19sChIJn5FVvgxB0i0RM7tXUMvayJA?authuser=0&hl=en&rclk=1
Ubud Virgin Villa,https://www.google.com/maps/place/Ubud+Virgin+Villa/data=!4m7!3m6!1s0x2dd240b5b440910d:0x8908c4fb96477c17!8m2!3d-8.6695306!4d115.1930903!16s%2Fg%2F11h6g59rdm!19sChIJDZFAtLVA0i0RF3xHlvvECIk?authuser=0&hl=en&rclk=1
A- Villa Ubud Bali,https://www.google.com/maps/place/A-+Villa+Ubud+Bali/data=!4m7!3m6!1s0x2dd247a00c3442cf:0xcc8a58f6b9e41610!8m2!3d-8.7020175!4d115.1733784!16s%2Fg%2F11gtdz6qws!19sChIJz0I0DKBH0i0REBbkufZYisw?authuser=0&hl=en&rclk=1
Ume Sri Villas,https://www.google.com/maps/place/Ume+Sri+Villas/data=!4m10!3m9!1s0x2dd23d9cf09af915:0xe559d65021cb0762!5m2!4m1!1i2!8m2!3d-8.5291708!4d115.2695216!16s%2Fg%2F11fzpfg197!19sChIJFfma8Jw90i0RYgfLIVDWWeU?authuser=0&hl=en&rclk=1
bali & ubud villa management – de bali villas,https://www.google.com/maps/place/bali+%26+ubud+villa+management+%E2%80%93+de+bali+villas/data=!4m7!3m6!1s0x2dd238b80ee02c4d:0xc71f7bafafe27a5f!8m2!3d-8.6330246!4d115.1762113!16s%2Fg%2F11dzsc96jm!19sChIJTSzgDrg40i0RX3rir697H8c?authuser=0&hl=en&rclk=1
Budhi Ayu Villas Ubud,https://www.google.com/maps/place/Budhi+Ayu+Villas+Ubud/data=!4m10!3m9!1s0x2dd23da1ac9691d9:0x97cce8e7b9f91b12!5m2!4m1!1i2!8m2!3d-8.5282884!4d115.2575121!16s%2Fg%2F1q62ksgzn!19sChIJ2ZGWrKE90i0REhv5uefozJc?authuser=0&hl=en&rclk=1
Kiraku Villa Ubud - Bali,https://www.google.com/maps/place/Kiraku+Villa+Ubud+-+Bali/data=!4m7!3m6!1s0x2dd23d6dc4911bc7:0xc7bb58bbe44b578e!8m2!3d-8.5499275!4d115.2776258!16s%2Fg%2F11p15l_p0t!19sChIJxxuRxG090i0RjldL5LtYu8c?authuser=0&hl=en&rclk=1
Ubud Corner 88,https://www.google.com/maps/place/Ubud+Corner+88/data=!4m10!3m9!1s0x2dd23e757ac1226f:0x7f70e3c3c1cf505a!5m2!4m1!1i2!8m2!3d-8.5662158!4d115.2572679!16s%2Fg%2F11b73mcn7y!19sChIJbyLBenU-0i0RWlDPwcPjcH8?authuser=0&hl=en&rclk=1
Pondok Saraswati Villas Ubud,https://www.google.com/maps/place/Pondok+Saraswati+Villas+Ubud/data=!4m10!3m9!1s0x2dd23de98c2a07f5:0x71655bb114856013!5m2!4m1!1i2!8m2!3d-8.5511344!4d115.2612351!16s%2Fg%2F11b7f3p4n5!19sChIJ9QcqjOk90i0RE2CFFLFbZXE?authuser=0&hl=en&rclk=1
Lavanya Ubud Romantic Villas,https://www.google.com/maps/place/Lavanya+Ubud+Romantic+Villas/data=!4m10!3m9!1s0x2dd23d5b7c66ae75:0x2ee296a443ec38e9!5m2!4m1!1i2!8m2!3d-8.5514155!4d115.2581382!16s%2Fg%2F11lkvqr78d!19sChIJda5mfFs90i0R6TjsQ6SW4i4?authuser=0&hl=en&rclk=1
Gino Feruci Villa & Spa Ubud,https://www.google.com/maps/place/Gino+Feruci+Villa+%26+Spa+Ubud/data=!4m10!3m9!1s0x2dd23d96086054ed:0xd5bd6719d855a22b!5m2!4m1!1i2!8m2!3d-8.5405411!4d115.2611977!16s%2Fg%2F1ptymrl49!19sChIJ7VRgCJY90i0RK6JV2BlnvdU?authuser=0&hl=en&rclk=1
Sunrise Villa Ubud,https://www.google.com/maps/place/Sunrise+Villa+Ubud/data=!4m7!3m6!1s0x2dd23d3a1d28ba8b:0x8a2742d1a1bf8457!8m2!3d-8.4963276!4d115.2536158!16s%2Fg%2F11bwyh0tvv!19sChIJi7ooHTo90i0RV4S_odFCJ4o?authuser=0&hl=en&rclk=1
The Kubu Villa Ubud,https://www.google.com/maps/place/The+Kubu+Villa+Ubud/data=!4m7!3m6!1s0x2dd217f8bc7a477f:0x9dd8aa7640bd1000!8m2!3d-8.5492456!4d115.2884567!16s%2Fg%2F11h15wwqq5!19sChIJf0d6vPgX0i0RABC9QHaq2J0?authuser=0&hl=en&rclk=1
Zenubud Villa,https://www.google.com/maps/place/Zenubud+Villa/data=!4m7!3m6!1s0x2dd23d57279f55d7:0xaeed63d2fa6f4fb0!8m2!3d-8.4916666!4d115.2787369!16s%2Fg%2F1tf2hvlr!19sChIJ11WfJ1c90i0RsE9v-tJj7a4?authuser=0&hl=en&rclk=1
Abinaya villa Ubud,https://www.google.com/maps/place/Abinaya+villa+Ubud/data=!4m7!3m6!1s0x2dd23fe7bb2abb03:0x777492230d014f54!8m2!3d-8.5710497!4d115.2674785!16s%2Fg%2F11mb39r0wn!19sChIJA7squ-c_0i0RVE8BDSOSdHc?authuser=0&hl=en&rclk=1
Maha Shanti Villa Ubud,https://www.google.com/maps/place/Maha+Shanti+Villa+Ubud/data=!4m7!3m6!1s0x2dd23f03aefb9381:0x4575e4bd11478f03!8m2!3d-8.5680042!4d115.2622643!16s%2Fg%2F11p5rhzsgs!19sChIJgZP7rgM_0i0RA49HEb3kdUU?authuser=0&hl=en&rclk=1
Villa Bedauh Ubud,https://www.google.com/maps/place/Villa+Bedauh+Ubud/data=!4m7!3m6!1s0x2dd222c95a412795:0x7362c12bbaf6ac9!8m2!3d-8.4796337!4d115.2543775!16s%2Fg%2F11f5ly6fb0!19sChIJlSdBWski0i0RyWqvuxIsNgc?authuser=0&hl=en&rclk=1
RC Ubud Villa,https://www.google.com/maps/place/RC+Ubud+Villa/data=!4m7!3m6!1s0x2dd2179e75ba18a3:0x695ba6d6b4d4a048!8m2!3d-8.5429083!4d115.2856818!16s%2Fg%2F11f9x1vxy_!19sChIJoxi6dZ4X0i0RSKDUtNamW2k?authuser=0&hl=en&rclk=1
Villa Murah di Ubud Office,https://www.google.com/maps/place/Villa+Murah+di+Ubud+Office/data=!4m7!3m6!1s0x2dd23d6b0b25112b:0xd53cbaf972e2c93e!8m2!3d-8.5993415!4d115.2919713!16s%2Fg%2F11spt1hwln!19sChIJKxElC2s90i0RPsnicvm6PNU?authuser=0&hl=en&rclk=1
Sujiwa Ubud Retreat Villa,https://www.google.com/maps/place/Sujiwa+Ubud+Retreat+Villa/data=!4m7!3m6!1s0x2dd2161cdf8f5c2d:0x1be6555b842e0f02!8m2!3d-8.5470113!4d115.2863388!16s%2Fg%2F11jp05yh8c!19sChIJLVyP3xwW0i0RAg8uhFtV5hs?authuser=0&hl=en&rclk=1
Asri Sari Villa Ubud,https://www.google.com/maps/place/Asri+Sari+Villa+Ubud/data=!4m7!3m6!1s0x2dd23f984c24ac85:0x29d2544009e88cff!8m2!3d-8.5765444!4d115.2646279!16s%2Fg%2F11t04xpvdp!19sChIJhawkTJg_0i0R_4zoCUBU0ik?authuser=0&hl=en&rclk=1
