,title,link,keyword
0,ODEON Norwich,https://www.google.com/maps/place/ODEON+Norwich/data=!4m7!3m6!1s0x47d9e3ec26c158e9:0x6d2cb440f8d5d42b!8m2!3d52.6253846!4d1.3046094!16s%2Fg%2F1tgf71gm!19sChIJ6VjBJuzj2UcRK9TV-EC0LG0?authuser=0&hl=en&rclk=1,
1,IMAX,https://www.google.com/maps/place/IMAX/data=!4m7!3m6!1s0x2e69f11746692471:0xab43309ffbd226d4!8m2!3d-6.2442493!4d106.7835017!16s%2Fg%2F11cr_f_l4_!19sChIJcSRpRhfxaS4R1CbS-58wQ6s?authuser=0&hl=en&rclk=1,
2,V Cinema,https://www.google.com/maps/place/V+Cinema/data=!4m7!3m6!1s0x2dd629e62bdbe043:0x6f9864d539d078e9!8m2!3d-7.9386723!4d112.6320371!16s%2Fg%2F11gf4nhx7f!19sChIJQ-DbK-Yp1i0R6XjQOdVkmG8?authuser=0&hl=en&rclk=1,
3,Indonesian Old Cinema Museum,https://www.google.com/maps/place/Indonesian+Old+Cinema+Museum/data=!4m7!3m6!1s0x2dd629e69385be8d:0x8383f83c078fdc19!8m2!3d-7.9372399!4d112.6277836!16s%2Fg%2F11g8nzlv9h!19sChIJjb6Fk-Yp1i0RGdyPBzz4g4M?authuser=0&hl=en&rclk=1,
4,Coffe coffe,https://www.google.com/maps/place/Coffe+coffe/data=!4m7!3m6!1s0x2dd9d7f4ef2e60c9:0xbb1a5bb82c36f1c!8m2!3d-7.1294436!4d113.482261!16s%2Fg%2F11j90m9bm4!19sChIJyWAu7_TX2S0RHG_DgrulsQs?authuser=0&hl=en&rclk=1,
5,Pentol Senayan,https://www.google.com/maps/place/Pentol+Senayan/data=!4m7!3m6!1s0x2dd77d3e1c3b27fb:0x8d026f1e1d6f77e4!8m2!3d-7.1609346!4d113.4848289!16s%2Fg%2F11t4gyz4fb!19sChIJ-yc7HD591y0R5HdvHR5vAo0?authuser=0&hl=en&rclk=1,
6,Oude Watertoren in Pamêkasan Regentie,https://www.google.com/maps/place/Oude+Watertoren+in+Pam%C3%AAkasan+Regentie/data=!4m7!3m6!1s0x2dd77de48060a8c7:0xe45041093ed19697!8m2!3d-7.1597104!4d113.483728!16s%2Fg%2F11g6rc4hnh!19sChIJx6hggOR91y0Rl5bRPglBUOQ?authuser=0&hl=en&rclk=1,
7,Kowel,https://www.google.com/maps/place/Kowel/data=!4m7!3m6!1s0x2dd9d6123b499cc5:0x8650a4253b23e853!8m2!3d-7.1346381!4d113.4865392!16s%2Fg%2F11g0gc8p2_!19sChIJxZxJOxLW2S0RU-gjOyWkUIY?authuser=0&hl=en&rclk=1,
8,Toko Dian Elektrik,https://www.google.com/maps/place/Toko+Dian+Elektrik/data=!4m7!3m6!1s0x2dd77d85aaaaaaab:0xf59dc9207685675d!8m2!3d-7.1467759!4d113.512625!16s%2Fg%2F11c2p4fydr!19sChIJq6qqqoV91y0RXWeFdiDJnfU?authuser=0&hl=en&rclk=1,
9,M2 Mart,https://www.google.com/maps/place/M2+Mart/data=!4m7!3m6!1s0x2dd9df43ffd0050d:0x6ae69bcdbd1f86f0!8m2!3d-7.1084281!4d113.7033432!16s%2Fg%2F11p9pr0s2_!19sChIJDQXQ_0Pf2S0R8IYfvc2b5mo?authuser=0&hl=en&rclk=1,
10,New Star Cineplex Ultima Sumenep,https://www.google.com/maps/place/New+Star+Cineplex+Ultima+Sumenep/data=!4m7!3m6!1s0x2dd9e55f4b90dafd:0x2937ef67a147886d!8m2!3d-7.001291!4d113.8709718!16s%2Fg%2F11h3qq4613!19sChIJ_dqQS1_l2S0RbYhHoWfvNyk?authuser=0&hl=en&rclk=1,
11,Uwenk PK,https://www.google.com/maps/place/Uwenk+PK/data=!4m7!3m6!1s0x2dd9e940d61c7125:0x9376cddedf18707d!8m2!3d-6.9657277!4d113.816161!16s%2Fg%2F11h4l13j6p!19sChIJJXEc1kDp2S0RfXAY397NdpM?authuser=0&hl=en&rclk=1,
12,PS3 Galaxy,https://www.google.com/maps/place/PS3+Galaxy/data=!4m7!3m6!1s0x2dd9e7d685fa90ed:0x216bb7046306c41b!8m2!3d-7.0150878!4d113.8540592!16s%2Fg%2F11g_zr1bmd!19sChIJ7ZD6hdbn2S0RG8QGYwS3ayE?authuser=0&hl=en&rclk=1,
13,The Sky,https://www.google.com/maps/place/The+Sky/data=!4m7!3m6!1s0x340400b9616e75b9:0x82bd80ba7cff1ec2!8m2!3d22.3155369!4d114.1619403!16s%2Fg%2F11b61rxc8y!19sChIJuXVuYbkABDQRwh7_fLqAvYI?authuser=0&hl=en&rclk=1,
14,Touch Cinema Gia Lai,https://www.google.com/maps/place/Touch+Cinema+Gia+Lai/data=!4m7!3m6!1s0x316c1f8f2f9fdad5:0xc06967c0509c073d!8m2!3d13.9776574!4d108.0127436!16s%2Fg%2F11hcflvj0x!19sChIJ1dqfL48fbDERPQecUMBnacA?authuser=0&hl=en&rclk=1,
15,Park 23 XXI,https://www.google.com/maps/place/Park+23+XXI/data=!4m7!3m6!1s0x2dd2441cdc9d8b31:0xaa3987c8b6eaa53d!8m2!3d-8.7368947!4d115.1758431!16s%2Fg%2F11bwm3xj30!19sChIJMYud3BxE0i0RPaXqtsiHOao?authuser=0&hl=en&rclk=1,
16,RAMAYANA Mal Kediri,https://www.google.com/maps/place/RAMAYANA+Mal+Kediri/data=!4m7!3m6!1s0x2e78f84dea2a1429:0x9ddfffc6d75c6e07!8m2!3d-7.822589!4d112.0110158!16s%2Fg%2F1pzrfvmy2!19sChIJKRQq6k34eC4RB25c18b_350?authuser=0&hl=en&rclk=1,
17,TOHO Cinemas Namba,https://www.google.com/maps/place/TOHO+Cinemas+Namba/data=!4m7!3m6!1s0x6000e76cbb33cbc5:0xda9650d13f3d1fd4!8m2!3d34.6654408!4d135.5013812!16s%2Fg%2F1wf38hmk!19sChIJxcszu2znAGAR1B89P9FQlto?authuser=0&hl=en&rclk=1,
18,Cinépolis Malang Town Square,https://www.google.com/maps/place/Cin%C3%A9polis+Malang+Town+Square/data=!4m7!3m6!1s0x2e788278b09401af:0xad0303301886b064!8m2!3d-7.95657!4d112.6184683!16s%2Fg%2F11dfqw_fmk!19sChIJrwGUsHiCeC4RZLCGGDADA60?authuser=0&hl=en&rclk=1,
19,Movimax City Point,https://www.google.com/maps/place/Movimax+City+Point/data=!4m7!3m6!1s0x2e78829b3b04f36f:0x5031553b619c3301!8m2!3d-7.9735361!4d112.6120324!16s%2Fg%2F11d_cyk6l9!19sChIJb_MEO5uCeC4RATOcYTtVMVA?authuser=0&hl=en&rclk=1,
20,Transmart MX Mall XXI,https://www.google.com/maps/place/Transmart+MX+Mall+XXI/data=!4m7!3m6!1s0x2e78831a2fa9d289:0xd5a4f18a019dd4a4!8m2!3d-7.9566919!4d112.6176904!16s%2Fg%2F11fjxzjbf2!19sChIJidKpLxqDeC4RpNSdAYrxpNU?authuser=0&hl=en&rclk=1,
21,CGV Cinemas Malang City Point,https://www.google.com/maps/place/CGV+Cinemas+Malang+City+Point/data=!4m7!3m6!1s0x2e7883a2bba7febf:0x714986bffa59cb86!8m2!3d-7.9737062!4d112.6119802!16s%2Fg%2F11h15zx0y1!19sChIJv_6nu6KDeC4RhstZ-r-GSXE?authuser=0&hl=en&rclk=1,
22,Dieng 21,https://www.google.com/maps/place/Dieng+21/data=!4m7!3m6!1s0x2e78829b4758956b:0xcf1b28c399ee888d!8m2!3d-7.9737!4d112.6124!16s%2Fg%2F1hcbkkk4r!19sChIJa5VYR5uCeC4RjYjumcMoG88?authuser=0&hl=en&rclk=1,
23,UKM SINEDEK,https://www.google.com/maps/place/UKM+SINEDEK/data=!4m7!3m6!1s0x2e78837f5f531211:0xaaadad93355eda4b!8m2!3d-7.9731709!4d112.6086338!16s%2Fg%2F11grttr8vr!19sChIJERJTX3-DeC4RS9peNZOtrao?authuser=0&hl=en&rclk=1,
24,Algrilcia,https://www.google.com/maps/place/Algrilcia/data=!4m7!3m6!1s0x2dd62913060a84b9:0xa8f0843e70822a3f!8m2!3d-7.9666204!4d112.6326321!16s%2Fg%2F11fpgf1crh!19sChIJuYQKBhMp1i0RPyqCcD6E8Kg?authuser=0&hl=en&rclk=1,
25,3D Cinema Jatim Park 1,https://www.google.com/maps/place/3D+Cinema+Jatim+Park+1/data=!4m7!3m6!1s0x2e7880d529d35441:0x301884988ce21de7!8m2!3d-7.883558!4d112.525067!16s%2Fg%2F11b700k41w!19sChIJQVTTKdWAeC4R5x3ijJiEGDA?authuser=0&hl=en&rclk=1,
26,Cinema 4D,https://www.google.com/maps/place/Cinema+4D/data=!4m7!3m6!1s0x2e78813026196e0f:0x25fa0b1b5b40abf8!8m2!3d-7.8961534!4d112.5340839!16s%2Fg%2F1hm585gyx!19sChIJD24ZJjCBeC4R-KtAWxsL-iU?authuser=0&hl=en&rclk=1,
27,6D Cinema Dino Invasion,https://www.google.com/maps/place/6D+Cinema+Dino+Invasion/data=!4m7!3m6!1s0x2e7881173d9d4e0d:0x1a653aa2ace01064!8m2!3d-7.8970322!4d112.5531034!16s%2Fg%2F11f2_rj6dw!19sChIJDU6dPReBeC4RZBDgrKI6ZRo?authuser=0&hl=en&rclk=1,
28,Cinépolis,https://www.google.com/maps/place/Cin%C3%A9polis/data=!4m7!3m6!1s0x2e7880d0eb51d2c3:0xb6b6b67d24fce3c3!8m2!3d-7.8789984!4d112.5346241!16s%2Fg%2F11dy1hhz4m!19sChIJw9JR69CAeC4Rw-P8JH22trY?authuser=0&hl=en&rclk=1,
29,EQUATOR CINEMA,https://www.google.com/maps/place/EQUATOR+CINEMA/data=!4m7!3m6!1s0x2e7881806e417887:0x266311c156e8c449!8m2!3d-7.92323!4d112.5740126!16s%2Fg%2F11clszzdnh!19sChIJh3hBboCBeC4RScToVsERYyY?authuser=0&hl=en&rclk=1,
30,LELKON CINEMA,https://www.google.com/maps/place/LELKON+CINEMA/data=!4m7!3m6!1s0x2e7883596bfd74d7:0x8aec242b0495f753!8m2!3d-7.969466!4d112.5818847!16s%2Fg%2F11m_g3s4rn!19sChIJ13T9a1mDeC4RU_eVBCsk7Io?authuser=0&hl=en&rclk=1,
31,lippo mall plaza,https://www.google.com/maps/place/lippo+mall+plaza/data=!4m7!3m6!1s0x2e7881e1f2f3fcbf:0xd098cc368364c7c5!8m2!3d-7.8803964!4d112.5331603!16s%2Fg%2F11j7f00td6!19sChIJv_zz8uGBeC4RxcdkgzbMmNA?authuser=0&hl=en&rclk=1,
32,Cinema Lereng Kawi,https://www.google.com/maps/place/Cinema+Lereng+Kawi/data=!4m7!3m6!1s0x2e789d90a6d499a7:0x5903cc16f6eb3384!8m2!3d-8.0732083!4d112.5747333!16s%2Fg%2F11jg5vkqsc!19sChIJp5nUppCdeC4RhDPr9hbMA1k?authuser=0&hl=en&rclk=1,
33,Mini Trans Studio Malang,https://www.google.com/maps/place/Mini+Trans+Studio+Malang/data=!4m7!3m6!1s0x2e7883fdac71a791:0x9ff9baa01ad9690!8m2!3d-7.9568145!4d112.6177803!16s%2Fg%2F11gybl1s_c!19sChIJkadxrP2DeC4RkJatAaqb_wk?authuser=0&hl=en&rclk=1,
34,THE MIRACLE JTP3,https://www.google.com/maps/place/THE+MIRACLE+JTP3/data=!4m7!3m6!1s0x2e78812850afedc5:0xf3c231341e8758b7!8m2!3d-7.9048886!4d112.5714378!16s%2Fg%2F11h3k7jg7g!19sChIJxe2vUCiBeC4Rt1iHHjQxwvM?authuser=0&hl=en&rclk=1,
35,Puri Bunga II blok B,https://www.google.com/maps/place/Puri+Bunga+II+blok+B/data=!4m7!3m6!1s0x2e788357a07ad2c9:0x1183f80954f7ad30!8m2!3d-7.9284489!4d112.6119362!16s%2Fg%2F11h_5mrcll!19sChIJydJ6oFeDeC4RMK33VAn4gxE?authuser=0&hl=en&rclk=1,
36,Alif Muslim Store,https://www.google.com/maps/place/Alif+Muslim+Store/data=!4m7!3m6!1s0x2e788278b630c84b:0xbb5812e7ddbc40de!8m2!3d-7.9566864!4d112.6184427!16s%2Fg%2F11f0k_4shc!19sChIJS8gwtniCeC4R3kC83ecSWLs?authuser=0&hl=en&rclk=1,
37,Auto Bridal 45,https://www.google.com/maps/place/Auto+Bridal+45/data=!4m7!3m6!1s0x2e788283d92ff59f:0x6f7d303e9d439396!8m2!3d-7.967657!4d112.615814!16s%2Fg%2F11gh1ph1t4!19sChIJn_Uv2YOCeC4RlpNDnT4wfW8?authuser=0&hl=en&rclk=1,
38,CGV Cinemas,https://www.google.com/maps/place/CGV+Cinemas/data=!4m7!3m6!1s0x2e69f6f4f5882f1b:0xce6dfefdcd89330f!8m2!3d-6.1774562!4d106.7914107!16s%2Fg%2F1tdr5m4g!19sChIJGy-I9fT2aS4RDzOJzf3-bc4?authuser=0&hl=en&rclk=1,
39,Cinemaxx Lippo Plaza Batu,https://www.google.com/maps/place/Cinemaxx+Lippo+Plaza+Batu/data=!4m7!3m6!1s0x2e7880cb70279d6d:0x8eff25c8ec1d0adb!8m2!3d-7.8755894!4d112.5311225!16s%2Fg%2F11h0vtgmrr!19sChIJbZ0ncMuAeC4R2wod7Mgl_44?authuser=0&hl=en&rclk=1,
40,Toko Nyumber,https://www.google.com/maps/place/Toko+Nyumber/data=!4m7!3m6!1s0x2e7881b14568c2cf:0xb7b3a2e6ce70e72b!8m2!3d-7.888275!4d112.589267!16s%2Fg%2F11gdv0kpmg!19sChIJz8JoRbGBeC4RK-dwzuais7c?authuser=0&hl=en&rclk=1,
41,House Of Beauty,https://www.google.com/maps/place/House+Of+Beauty/data=!4m7!3m6!1s0x2e788272de9b0e11:0x186577a4596ca1c7!8m2!3d-7.94339!4d112.61056!16s%2Fg%2F11f5g124yq!19sChIJEQ6b3nKCeC4Rx6FsWaR3ZRg?authuser=0&hl=en&rclk=1,
42,Mobil Carteran Barang MCB,https://www.google.com/maps/place/Mobil+Carteran+Barang+MCB/data=!4m7!3m6!1s0x2dd6284e71b29f73:0xd290145680d94246!8m2!3d-7.9658056!4d112.6536167!16s%2Fg%2F11ggsgdgrc!19sChIJc5-ycU4o1i0RRkLZgFYUkNI?authuser=0&hl=en&rclk=1,
43,Lippo Plaza Batu,https://www.google.com/maps/place/Lippo+Plaza+Batu/data=!4m7!3m6!1s0x2e7880d0edd409e1:0x86fc42f21cbd11c5!8m2!3d-7.8786449!4d112.5347442!16s%2Fg%2F12hl932l5!19sChIJ4QnU7dCAeC4RxRG9HPJC_IY?authuser=0&hl=en&rclk=1,
44,Warung Lalapan Moro Seneng Bu Siti,https://www.google.com/maps/place/Warung+Lalapan+Moro+Seneng+Bu+Siti/data=!4m7!3m6!1s0x2dd6298d536a36d7:0x31496c74db944d6e!8m2!3d-7.9298765!4d112.6437585!16s%2Fg%2F11d_yts3h4!19sChIJ1zZqU40p1i0Rbk2U23RsSTE?authuser=0&hl=en&rclk=1,
45,Vegan Way Cafe,https://www.google.com/maps/place/Vegan+Way+Cafe/data=!4m7!3m6!1s0x2dd7adc193b385f5:0xc86d9e6746e7d986!8m2!3d-7.7468822!4d113.2269777!16s%2Fg%2F11n0jxqt3m!19sChIJ9YWzk8Gt1y0RhtnnRmeebcg?authuser=0&hl=en&rclk=1,
46,Milkshake Asetehe,https://www.google.com/maps/place/Milkshake+Asetehe/data=!4m7!3m6!1s0x2dd7ad4ab31a872d:0xe2c5b49b7c7576b5!8m2!3d-7.7457238!4d113.2208338!16s%2Fg%2F11h3mt6vyz!19sChIJLYcas0qt1y0RtXZ1fJu0xeI?authuser=0&hl=en&rclk=1,
47,Warung Kopi YKN Sukarni,https://www.google.com/maps/place/Warung+Kopi+YKN+Sukarni/data=!4m7!3m6!1s0x2dd7adca251d70ad:0x4fbada9441bad598!8m2!3d-7.7404388!4d113.2156281!16s%2Fg%2F11g1nnmcj9!19sChIJrXAdJcqt1y0RmNW6QZTauk8?authuser=0&hl=en&rclk=1,
48,Pondok Makan Bu Eddy,https://www.google.com/maps/place/Pondok+Makan+Bu+Eddy/data=!4m7!3m6!1s0x2dd7adb78805b9d1:0xa210d6754dd23695!8m2!3d-7.7465818!4d113.2275726!16s%2Fg%2F11dxq52rkh!19sChIJ0bkFiLet1y0RlTbSTXXWEKI?authuser=0&hl=en&rclk=1,
49,Oh Gelato Probolinggo,https://www.google.com/maps/place/Oh+Gelato+Probolinggo/data=!4m7!3m6!1s0x2dd7ad8b34a01205:0xdf07fab7337ad0e4!8m2!3d-7.7470036!4d113.2266577!16s%2Fg%2F11h_bvjpql!19sChIJBRKgNIut1y0R5NB6M7f6B98?authuser=0&hl=en&rclk=1,
50,Kirana Laundry,https://www.google.com/maps/place/Kirana+Laundry/data=!4m7!3m6!1s0x2dd7adb7850f4b3d:0xd5378cb7ea6ed552!8m2!3d-7.7466478!4d113.2280872!16s%2Fg%2F11bzrp3kx9!19sChIJPUsPhbet1y0RUtVu6reMN9U?authuser=0&hl=en&rclk=1,
51,Toko Yatoyiba,https://www.google.com/maps/place/Toko+Yatoyiba/data=!4m7!3m6!1s0x2dd7ad88bbe203b1:0x43ef373df998e6fe!8m2!3d-7.7689056!4d113.2425003!16s%2Fg%2F11r6qzgbq3!19sChIJsQPiu4it1y0R_uaY-T0370M?authuser=0&hl=en&rclk=1,
52,Pasar Baru,https://www.google.com/maps/place/Pasar+Baru/data=!4m7!3m6!1s0x2dd7ad9509f8506b:0xbcf69fe860311287!8m2!3d-7.7559966!4d113.2189052!16s%2Fg%2F11s1pzgb11!19sChIJa1D4CZWt1y0RhxIxYOif9rw?authuser=0&hl=en&rclk=1,
53,Warung kopi malam Anton,https://www.google.com/maps/place/Warung+kopi+malam+Anton/data=!4m7!3m6!1s0x2dd7ad1254e72f67:0xba5bd2b6d407b6b4!8m2!3d-7.7600294!4d113.2303476!16s%2Fg%2F11jhz4tp3d!19sChIJZy_nVBKt1y0RtLYH1LbSW7o?authuser=0&hl=en&rclk=1,
54,MANDIRI AGEN CANGKRUKAN CAK SUGA,https://www.google.com/maps/place/MANDIRI+AGEN+CANGKRUKAN+CAK+SUGA/data=!4m7!3m6!1s0x2dd7ad8911eaca3b:0xa07300ab106a9f34!8m2!3d-7.7458716!4d113.2232388!16s%2Fg%2F11szx1gbm5!19sChIJO8rqEYmt1y0RNJ9qEKsAc6A?authuser=0&hl=en&rclk=1,
55,Toko Btc,https://www.google.com/maps/place/Toko+Btc/data=!4m7!3m6!1s0x2dd7ad6e3305ef97:0x57fbb972afcdf32a!8m2!3d-7.7578275!4d113.2263066!16s%2Fg%2F11hdnk1yx_!19sChIJl-8FM26t1y0RKvPNr3K5-1c?authuser=0&hl=en&rclk=1,
56,Tahu Tek Telur Wijaya,https://www.google.com/maps/place/Tahu+Tek+Telur+Wijaya/data=!4m7!3m6!1s0x2dd7ad57bc9eff0b:0x91e5e214ff034bfa!8m2!3d-7.7464884!4d113.2271924!16s%2Fg%2F11rfqsb2_x!19sChIJC_-evFet1y0R-ksD_xTi5ZE?authuser=0&hl=en&rclk=1,
57,Warung Bu Lahudin,https://www.google.com/maps/place/Warung+Bu+Lahudin/data=!4m7!3m6!1s0x2dd7add5ac505bdb:0x4d837625d3c5ee14!8m2!3d-7.7506965!4d113.1939515!16s%2Fg%2F11h23lm5jy!19sChIJ21tQrNWt1y0RFO7F0yV2g00?authuser=0&hl=en&rclk=1,
58,Pasar Mangunharjo,https://www.google.com/maps/place/Pasar+Mangunharjo/data=!4m7!3m6!1s0x2dd7adb83dcf4ba3:0xf668a14455afdd0!8m2!3d-7.7463298!4d113.2263914!16s%2Fg%2F1hm3jgm91!19sChIJo0vPPbit1y0R0P1aRRSKZg8?authuser=0&hl=en&rclk=1,
59,Tummy Dessert,https://www.google.com/maps/place/Tummy+Dessert/data=!4m7!3m6!1s0x2dd7adb837476233:0xa3de2092b4a1968d!8m2!3d-7.7467509!4d113.2263262!16s%2Fg%2F11jwsmwq0m!19sChIJM2JHN7it1y0RjZahtJIg3qM?authuser=0&hl=en&rclk=1,
60,Pondok jambe mama wulan,https://www.google.com/maps/place/Pondok+jambe+mama+wulan/data=!4m7!3m6!1s0x2dd7ad49f978ae4f:0xf4d366ffe733fd5b!8m2!3d-7.7460136!4d113.2280544!16s%2Fg%2F11fss_b2kz!19sChIJT654-Umt1y0RW_0z5_9m0_Q?authuser=0&hl=en&rclk=1,
61,Krengsengan bekicot rombong ijo,https://www.google.com/maps/place/Krengsengan+bekicot+rombong+ijo/data=!4m7!3m6!1s0x2dd7ad75258d000b:0x47f3fb9450c0e183!8m2!3d-7.7579329!4d113.2262943!16s%2Fg%2F11pf0x4lcv!19sChIJCwCNJXWt1y0Rg-HAUJT780c?authuser=0&hl=en&rclk=1,
62,Susu jahe soponyono,https://www.google.com/maps/place/Susu+jahe+soponyono/data=!4m7!3m6!1s0x2dd7add376ecb5c1:0x6b5fa9b76c3201f1!8m2!3d-7.7447338!4d113.2167455!16s%2Fg%2F11h895xrt1!19sChIJwbXsdtOt1y0R8QEybLepX2s?authuser=0&hl=en&rclk=1,
63,Bioskop New Star Cineplex Temanggung,https://www.google.com/maps/place/Bioskop+New+Star+Cineplex+Temanggung/data=!4m7!3m6!1s0x2e7a838b5b17719d:0x52ea9be78812417f!8m2!3d-7.3153909!4d110.1727741!16s%2Fg%2F11fj177l25!19sChIJnXEXW4uDei4Rf0ESiOeb6lI?authuser=0&hl=en&rclk=1,
64,BCA KCU PASURUAN,https://www.google.com/maps/place/BCA+KCU+PASURUAN/data=!4m7!3m6!1s0x2dd7c51e21eb5549:0x1392203c3af1aa5a!8m2!3d-7.6367508!4d112.9034465!16s%2Fg%2F1tds3tjg!19sChIJSVXrIR7F1y0RWqrxOjwgkhM?authuser=0&hl=en&rclk=1,
65,ZETIEF CINEMA,https://www.google.com/maps/place/ZETIEF+CINEMA/data=!4m7!3m6!1s0x2e781bd5db2eec69:0x2118084712a26802!8m2!3d-7.3349905!4d112.3956682!16s%2Fg%2F11g078_206!19sChIJaewu29UbeC4RAmiiEkcIGCE?authuser=0&hl=en&rclk=1,
66,CPR audio,https://www.google.com/maps/place/CPR+audio/data=!4m7!3m6!1s0x2e780f0b5a7813e3:0xf0c6a099300f5baa!8m2!3d-7.444004!4d112.4421988!16s%2Fg%2F11mvrf7bn4!19sChIJ4xN4WgsPeC4RqlsPMJmgxvA?authuser=0&hl=en&rclk=1,
67,Bimo Playstation,https://www.google.com/maps/place/Bimo+Playstation/data=!4m7!3m6!1s0x2e79950314cc1eb9:0x28e587472bf81e65!8m2!3d-7.6410839!4d111.4344568!16s%2Fg%2F11g0gm3v6q!19sChIJuR7MFAOVeS4RZR74K0eH5Sg?authuser=0&hl=en&rclk=1,
68,ABC Mini Market,https://www.google.com/maps/place/ABC+Mini+Market/data=!4m7!3m6!1s0x2dd7f96fdb343743:0x8092921aba90baa4!8m2!3d-7.2509354!4d112.7495926!16s%2Fg%2F1hc0t1vv6!19sChIJQzc022_51y0RpLqQuhqSkoA?authuser=0&hl=en&rclk=1,
69,Warkop bariklana,https://www.google.com/maps/place/Warkop+bariklana/data=!4m7!3m6!1s0x2dd7f949a847b393:0x12a71c4c86ce39f5!8m2!3d-7.2641837!4d112.7479629!16s%2Fg%2F11qw_3v5_1!19sChIJk7NHqEn51y0R9TnOhkwcpxI?authuser=0&hl=en&rclk=1,
70,RedDoorz Plus near Marvel City,https://www.google.com/maps/place/RedDoorz+Plus+near+Marvel+City/data=!4m10!3m9!1s0x2dd7fb75a4f0fb03:0x4086fbcc0ad45200!5m2!4m1!1i2!8m2!3d-7.2898774!4d112.7528974!16s%2Fg%2F11g10n5w34!19sChIJA_vwpHX71y0RAFLUCsz7hkA?authuser=0&hl=en&rclk=1,
71,Grand Dafam Signature Surabaya,https://www.google.com/maps/place/Grand+Dafam+Signature+Surabaya/data=!4m10!3m9!1s0x2dd7fbd87526ac03:0x158abc05dcae0df9!5m2!4m1!1i2!8m2!3d-7.26665!4d112.7492021!16s%2Fg%2F11f5ly8kvk!19sChIJA6wmddj71y0R-Q2u3AW8ihU?authuser=0&hl=en&rclk=1,
72,Mona Salon Make Up,https://www.google.com/maps/place/Mona+Salon+Make+Up/data=!4m7!3m6!1s0x2dd7f96c4f2f037d:0x3a173a5060c72edd!8m2!3d-7.2499272!4d112.7469233!16s%2Fg%2F1pzv6l9vr!19sChIJfQMvT2z51y0R3S7HYFA6Fzo?authuser=0&hl=en&rclk=1,
73,Palatino Fashion,https://www.google.com/maps/place/Palatino+Fashion/data=!4m7!3m6!1s0x2dd7fbe65c46a9d9:0xaf6a1c6a314121d1!8m2!3d-7.2457686!4d112.7475724!16s%2Fg%2F1thr4lbq!19sChIJ2alGXOb71y0R0SFBMWocaq8?authuser=0&hl=en&rclk=1,
74,Alphin jaya advertising,https://www.google.com/maps/place/Alphin+jaya+advertising/data=!4m7!3m6!1s0x2dd7f98d0bec2d79:0x9cb295b20edacb65!8m2!3d-7.2608543!4d112.7386197!16s%2Fg%2F11qyq89m_c!19sChIJeS3sC4351y0RZcvaDrKVspw?authuser=0&hl=en&rclk=1,
75,Burger King Tunjungan Plaza 3 Food Court,https://www.google.com/maps/place/Burger+King+Tunjungan+Plaza+3+Food+Court/data=!4m7!3m6!1s0x2dd7f960a725ce53:0xf0bae0ed71d93d84!8m2!3d-7.2634157!4d112.739208!16s%2Fg%2F11bz_ysr0w!19sChIJU84lp2D51y0RhD3Zce3guvA?authuser=0&hl=en&rclk=1,
76,Vikes Flower Shop,https://www.google.com/maps/place/Vikes+Flower+Shop/data=!4m7!3m6!1s0x2dd7f95e1f1a647d:0x9169a65c304703f9!8m2!3d-7.263224!4d112.738802!16s%2Fg%2F1v_x6w2v!19sChIJfWQaH1751y0R-QNHMFymaZE?authuser=0&hl=en&rclk=1,
77,LOTTE Mart Marvell City,https://www.google.com/maps/place/LOTTE+Mart+Marvell+City/data=!4m7!3m6!1s0x2dd7fbb8d3fb0bc7:0xb8bac3e8f468f00f!8m2!3d-7.2891153!4d112.7455006!16s%2Fg%2F11cjhzws9f!19sChIJxwv707j71y0RD_Bo9OjDurg?authuser=0&hl=en&rclk=1,
78,Young Salon,https://www.google.com/maps/place/Young+Salon/data=!4m7!3m6!1s0x2dd7fa36546a5b51:0x4fd127a453a86e2c!8m2!3d-7.2657405!4d112.7717132!16s%2Fg%2F1pzwzqqht!19sChIJUVtqVDb61y0RLG6oU6Qn0U8?authuser=0&hl=en&rclk=1,
79,Rossi Shop CS,https://www.google.com/maps/place/Rossi+Shop+CS/data=!4m7!3m6!1s0x2dd7fb3d66ddd639:0x2108c3f9b4ce9a68!8m2!3d-7.2801348!4d112.7463315!16s%2Fg%2F11gmyxzk7_!19sChIJOdbdZj371y0RaJrOtPnDCCE?authuser=0&hl=en&rclk=1,
80,Transmart Rungkut Surabaya,https://www.google.com/maps/place/Transmart+Rungkut+Surabaya/data=!4m7!3m6!1s0x2dd7fafb6a7f3f89:0x77d20758beef83e3!8m2!3d-7.3207217!4d112.7704501!16s%2Fg%2F1td55r79!19sChIJiT9_avv61y0R44PvvlgH0nc?authuser=0&hl=en&rclk=1,
81,Matahari Department Store Kaza City Surabaya,https://www.google.com/maps/place/Matahari+Department+Store+Kaza+City+Surabaya/data=!4m7!3m6!1s0x2dd7f975f2f92493:0x350d605345ffcbf4!8m2!3d-7.2482736!4d112.758573!16s%2Fg%2F1z44qtj7z!19sChIJkyT58nX51y0R9Mv_RVNgDTU?authuser=0&hl=en&rclk=1,
82,Galaxy The Premiere,https://www.google.com/maps/place/Galaxy+The+Premiere/data=!4m7!3m6!1s0x2dd7fb24e3ee2a4d:0xf83d6c38d9f9bc15!8m2!3d-7.275901!4d112.7824416!16s%2Fg%2F11q2smsrk8!19sChIJTSru4yT71y0RFbz52ThsPfg?authuser=0&hl=en&rclk=1,
83,Batas Desa Saya,https://www.google.com/maps/place/Batas+Desa+Saya/data=!4m7!3m6!1s0x2dd629f29ed6d199:0x398a6800f033a5be!8m2!3d-7.9279202!4d112.69263!16s%2Fg%2F11f6lqwtlr!19sChIJmdHWnvIp1i0RvqUz8ABoijk?authuser=0&hl=en&rclk=1,
84,Transmart Buah Batu XXI,https://www.google.com/maps/place/Transmart+Buah+Batu+XXI/data=!4m7!3m6!1s0x2e68e84ca338113d:0xaede4de0c0cbae16!8m2!3d-6.9668513!4d107.6386739!16s%2Fg%2F11g8h1ydlg!19sChIJPRE4o0zoaC4RFq7LwOBN3q4?authuser=0&hl=en&rclk=1,
85,Paragon Cinemas BP Mall,https://www.google.com/maps/place/Paragon+Cinemas+BP+Mall/data=!4m7!3m6!1s0x31d050cb98277da9:0x3ba305008f2950a0!8m2!3d1.8643148!4d102.9621423!16s%2Fg%2F11f2sg_sh5!19sChIJqX0nmMtQ0DERoFApjwAFozs?authuser=0&hl=en&rclk=1,
86,GSC Square One Batu Pahat,https://www.google.com/maps/place/GSC+Square+One+Batu+Pahat/data=!4m7!3m6!1s0x31d056d3d907fa05:0xbc182bf91d61ac51!8m2!3d1.8650819!4d102.949051!16s%2Fg%2F1pzs0p65x!19sChIJBfoH2dNW0DERUaxhHfkrGLw?authuser=0&hl=en&rclk=1,
87,DesaCinema,https://www.google.com/maps/place/DesaCinema/data=!4m7!3m6!1s0x2e78876d32304fb9:0x200f3ca0ca5a9408!8m2!3d-7.8630424!4d112.5140451!16s%2Fg%2F11mw75cwsr!19sChIJuU8wMm2HeC4RCJRayqA8DyA?authuser=0&hl=en&rclk=1,
88,10Star Cinemas Bandar Labuk Square Sandakan,https://www.google.com/maps/place/10Star+Cinemas+Bandar+Labuk+Square+Sandakan/data=!4m7!3m6!1s0x3238dbec74e6078b:0xa860a57eb78ff638!8m2!3d5.8851706!4d118.0218667!16s%2Fg%2F11pyt8w68f!19sChIJiwfmdOzbODIROPaPt36lYKg?authuser=0&hl=en&rclk=1,
