title,link,keyword
Gunung Dandang,https://www.google.com/maps/place/Gunung+Dandang/data=!4m7!3m6!1s0x2e7afabcc41d2be3:0xad0e13b4a0014b56!8m2!3d-7.8175!4d110.16!16s%2Fg%2F11b_2pzytn!19sChIJ4ysdxLz6ei4RVksBoLQTDq0?authuser=0&hl=en&rclk=1,mountain
Gunung Tinumpuk,https://www.google.com/maps/place/Gunung+Tinumpuk/data=!4m7!3m6!1s0x2e7aef0cee140d29:0xb65d0f421c408dd1!8m2!3d-7.7875!4d110.0847222!16s%2Fg%2F11b_2p0yl5!19sChIJKQ0U7gzvei4R0Y1AHEIPXbY?authuser=0&hl=en&rclk=1,mountain
Gunung Tumpeng,https://www.google.com/maps/place/Gunung+Tumpeng/data=!4m7!3m6!1s0x2e7aefb28a8733e3:0x9862d9f8e2f506a7!8m2!3d-7.7702778!4d110.1058333!16s%2Fg%2F11b_2mmcvq!19sChIJ4zOHirLvei4Rpwb14vjZYpg?authuser=0&hl=en&rclk=1,mountain
Gunung Moyeng,https://www.google.com/maps/place/Gunung+Moyeng/data=!4m7!3m6!1s0x2e7af1a4f5e738f5:0x55bf7f2de20d15f9!8m2!3d-7.7502778!4d110.1788889!16s%2Fg%2F11b_2n6m90!19sChIJ9Tjn9aTxei4R-RUN4i1_v1U?authuser=0&hl=en&rclk=1,mountain
Gunung Pajutelu,https://www.google.com/maps/place/Gunung+Pajutelu/data=!4m7!3m6!1s0x2e7aee2bd5e662ef:0x877becb4bb9aba87!8m2!3d-7.7611111!4d110.1369444!16s%2Fg%2F11b_2l0dtl!19sChIJ72Lm1Svuei4Rh7qau7Tse4c?authuser=0&hl=en&rclk=1,mountain
Gunung Pencu,https://www.google.com/maps/place/Gunung+Pencu/data=!4m7!3m6!1s0x2e7aefda6b30feab:0x1da4a28d12ab8419!8m2!3d-7.7777778!4d110.1327778!16s%2Fg%2F11b_2lnzsm!19sChIJq_4wa9rvei4RGYSrEo2ipB0?authuser=0&hl=en&rclk=1,mountain
Menoreh Mountains,https://www.google.com/maps/place/Menoreh+Mountains/data=!4m7!3m6!1s0x2e7ae8aa16569ca7:0x5cfc5f6ae2ffe3e8!8m2!3d-7.8110425!4d110.039966!16s%2Fg%2F122cnv53!19sChIJp5xWFqroei4R6OP_4mpf_Fw?authuser=0&hl=en&rclk=1,mountain
Gunung Mujil,https://www.google.com/maps/place/Gunung+Mujil/data=!4m7!3m6!1s0x2e7af174a6ea20a5:0xf6a7f4baefb9e5b7!8m2!3d-7.7419444!4d110.1936111!16s%2Fg%2F1tdsswxg!19sChIJpSDqpnTxei4Rt-W577r0p_Y?authuser=0&hl=en&rclk=1,mountain
Gunung Krengseng,https://www.google.com/maps/place/Gunung+Krengseng/data=!4m7!3m6!1s0x2e7aee3b5ed564ff:0x6b53f7adb5ce213c!8m2!3d-7.7513889!4d110.1272222!16s%2Fg%2F11b_2p0yy3!19sChIJ_2TVXjvuei4RPCHOta33U2s?authuser=0&hl=en&rclk=1,mountain
Gunung Gajah,https://www.google.com/maps/place/Gunung+Gajah/data=!4m7!3m6!1s0x2e7aede7f682cc7b:0xd172fa72e0a5081c!8m2!3d-7.7166667!4d110.1166667!16s%2Fg%2F11b_00nnfs!19sChIJe8yC9uftei4RHAil4HL6ctE?authuser=0&hl=en&rclk=1,mountain
Gunung Sigepak,https://www.google.com/maps/place/Gunung+Sigepak/data=!4m7!3m6!1s0x2e7aefae5be49111:0xda983f4e12303035!8m2!3d-7.7747222!4d110.1019444!16s%2Fg%2F11b_2qddmh!19sChIJEZHkW67vei4RNTAwEk4_mNo?authuser=0&hl=en&rclk=1,mountain
Gunung Ngesong,https://www.google.com/maps/place/Gunung+Ngesong/data=!4m7!3m6!1s0x2e7aee3010ec8dab:0xbf99eb97f7de933c!8m2!3d-7.7572222!4d110.1275!16s%2Fg%2F11b_2q5pfv!19sChIJq43sEDDuei4RPJPe95frmb8?authuser=0&hl=en&rclk=1,mountain
Gunung Cakel,https://www.google.com/maps/place/Gunung+Cakel/data=!4m7!3m6!1s0x2e7aef7a63ae0cdb:0x5dcab6cc65cea86f!8m2!3d-7.8005556!4d110.0838889!16s%2Fg%2F11b_2mf3js!19sChIJ2wyuY3rvei4Rb6jOZcy2yl0?authuser=0&hl=en&rclk=1,mountain
Gunung Patuk,https://www.google.com/maps/place/Gunung+Patuk/data=!4m7!3m6!1s0x2e7af6562995ec49:0x5276ad54706afcbb!8m2!3d-7.7516667!4d110.2833333!16s%2Fg%2F11b_2kvlqy!19sChIJSeyVKVb2ei4Ru_xqcFStdlI?authuser=0&hl=en&rclk=1,mountain
Gunung Suru,https://www.google.com/maps/place/Gunung+Suru/data=!4m7!3m6!1s0x2e7af04a356423af:0x8f66b02a092c38d9!8m2!3d-7.7686111!4d110.1669444!16s%2Fg%2F11b_2qdd8s!19sChIJryNkNUrwei4R2TgsCSqwZo8?authuser=0&hl=en&rclk=1,mountain
Gunung Bekikuk,https://www.google.com/maps/place/Gunung+Bekikuk/data=!4m7!3m6!1s0x2e7aefe9b4277041:0xc5cb19c62f6c83be!8m2!3d-7.7888889!4d110.125!16s%2Fg%2F11b_2krqd8!19sChIJQXAntOnvei4RvoNsL8YZy8U?authuser=0&hl=en&rclk=1,mountain
Gunung Prahu,https://www.google.com/maps/place/Gunung+Prahu/data=!4m7!3m6!1s0x2e7af107dadadc61:0x72ab1b5a4f05253b!8m2!3d-7.7538889!4d110.19!16s%2Fg%2F11b_2lgynx!19sChIJYdza2gfxei4ROyUFT1obq3I?authuser=0&hl=en&rclk=1,mountain
Gunung Kuntur,https://www.google.com/maps/place/Gunung+Kuntur/data=!4m7!3m6!1s0x2e7af27247e917ad:0x4417f9b017de3639!8m2!3d-7.7!4d110.15!16s%2Fg%2F11b_0297nh!19sChIJrRfpR3Lyei4ROTbeF7D5F0Q?authuser=0&hl=en&rclk=1,mountain
Gunung Manik,https://www.google.com/maps/place/Gunung+Manik/data=!4m7!3m6!1s0x2e7af24a777c02f9:0x60ef89c40ca6302c!8m2!3d-7.7019444!4d110.1841667!16s%2Fg%2F11b_2kdc3c!19sChIJ-QJ8d0ryei4RLDCmDMSJ72A?authuser=0&hl=en&rclk=1,mountain
Gunung Gepak,https://www.google.com/maps/place/Gunung+Gepak/data=!4m7!3m6!1s0x2e7aee536aba49d3:0x4372261258a69d7b!8m2!3d-7.7666667!4d110.1!16s%2Fg%2F11b_021_9v!19sChIJ00m6alPuei4Re52mWBImckM?authuser=0&hl=en&rclk=1,mountain
Gunung Puntuklembu,https://www.google.com/maps/place/Gunung+Puntuklembu/data=!4m7!3m6!1s0x2e7aec5c0dcdc607:0x7c9d2f0ba8693a5d!8m2!3d-7.6930556!4d110.0741667!16s%2Fg%2F11b_31m4w9!19sChIJB8bNDVzsei4RXTppqAsvnXw?authuser=0&hl=en&rclk=1,mountain
Gunung Guntur,https://www.google.com/maps/place/Gunung+Guntur/data=!4m7!3m6!1s0x2e7aec1ddd1cbfc3:0xfd79bc25898549da!8m2!3d-7.7272222!4d110.0622222!16s%2Fg%2F11b_2jk9p3!19sChIJw78c3R3sei4R2kmFiSW8ef0?authuser=0&hl=en&rclk=1,mountain
Gunung Papak,https://www.google.com/maps/place/Gunung+Papak/data=!4m7!3m6!1s0x2e7af2c85c1b625b:0xf42157216b5d53da!8m2!3d-7.65!4d110.1666667!16s%2Fg%2F11b_001msy!19sChIJW2IbXMjyei4R2lNdayFXIfQ?authuser=0&hl=en&rclk=1,mountain
Gunung Tlogo,https://www.google.com/maps/place/Gunung+Tlogo/data=!4m7!3m6!1s0x2e7ae5dde6e804db:0x9e4a1ee5f8c9f673!8m2!3d-7.8333333!4d110.0513889!16s%2Fg%2F11b_2lgz76!19sChIJ2wTo5t3lei4Rc_bJ-OUeSp4?authuser=0&hl=en&rclk=1,mountain
Gunung Boro,https://www.google.com/maps/place/Gunung+Boro/data=!4m7!3m6!1s0x2e7af1fced4ca755:0x298de86e9352740a!8m2!3d-7.7330556!4d110.1447222!16s%2Fg%2F11b_2mb2_m!19sChIJVadM7fzxei4RCnRSk27ojSk?authuser=0&hl=en&rclk=1,mountain
Kelir Mountain,https://www.google.com/maps/place/Kelir+Mountain/data=!4m7!3m6!1s0x2e7aefb5b370e2b3:0xaebae103c1f52708!8m2!3d-7.7708333!4d110.1136111!16s%2Fg%2F11b_2kh48w!19sChIJs-Jws7Xvei4RCCf1wQPhuq4?authuser=0&hl=en&rclk=1,mountain
Gunung Ijo,https://www.google.com/maps/place/Gunung+Ijo/data=!4m7!3m6!1s0x2e7aef7ca09a8aa5:0xe3f91f27d79eb97c!8m2!3d-7.805!4d110.0819444!16s%2Fg%2F11b_02j447!19sChIJpYqaoHzvei4RfLme1ycf-eM?authuser=0&hl=en&rclk=1,mountain
Gunung Beji,https://www.google.com/maps/place/Gunung+Beji/data=!4m7!3m6!1s0x2e7ae42b99eade03:0x5173e4a68406518f!8m2!3d-7.8561111!4d110.0497222!16s%2Fg%2F11b_2mf3dn!19sChIJA97qmSvkei4Rj1EGhKbkc1E?authuser=0&hl=en&rclk=1,mountain
Gunung Bulupinatar,https://www.google.com/maps/place/Gunung+Bulupinatar/data=!4m7!3m6!1s0x2e7aeef9ee47dc13:0xcff9f67fda8a0b84!8m2!3d-7.7591667!4d110.0875!16s%2Fg%2F11b_2p7ltp!19sChIJE9xH7vnuei4RhAuK2n_2-c8?authuser=0&hl=en&rclk=1,mountain
Gunung Pencu,https://www.google.com/maps/place/Gunung+Pencu/data=!4m7!3m6!1s0x2e7aec3143feeaef:0x34a7a8d6222e098!8m2!3d-7.7130556!4d110.0855556!16s%2Fg%2F11b_2jgv96!19sChIJ7-r-QzHsei4RmOAiYo16SgM?authuser=0&hl=en&rclk=1,mountain
Gunung Kukusan,https://www.google.com/maps/place/Gunung+Kukusan/data=!4m7!3m6!1s0x2e7ae59806268b7b:0x954b4bb5315da63b!8m2!3d-7.830554!4d110.0814261!16s%2Fg%2F11fvspzdk2!19sChIJe4smBpjlei4RO6ZdMbVLS5U?authuser=0&hl=en&rclk=1,mountain
Perumahan The Mountain,https://www.google.com/maps/place/Perumahan+The+Mountain/data=!4m7!3m6!1s0x2e7afb6ecef188ed:0x44b4ae2ca1896bac!8m2!3d-7.8744975!4d110.1705306!16s%2Fg%2F11d_tk3m3v!19sChIJ7Yjxzm77ei4RrGuJoSyutEQ?authuser=0&hl=en&rclk=1,mountain
Gunung Jeruk,https://www.google.com/maps/place/Gunung+Jeruk/data=!4m7!3m6!1s0x2e7ae4feb1d205eb:0xf009436aca301610!8m2!3d-7.8552778!4d110.0977778!16s%2Fg%2F11b_2l93r0!19sChIJ6wXSsf7kei4REBYwympDCfA?authuser=0&hl=en&rclk=1,mountain
Gunung Salam,https://www.google.com/maps/place/Gunung+Salam/data=!4m7!3m6!1s0x2e7aeec22513c959:0xadb4adfe0cc7adb5!8m2!3d-7.7547222!4d110.0666667!16s%2Fg%2F11b_2mtn10!19sChIJWckTJcLuei4Rta3HDP6ttK0?authuser=0&hl=en&rclk=1,mountain
Gunung Pajutelu,https://www.google.com/maps/place/Gunung+Pajutelu/data=!4m7!3m6!1s0x2e7aeed58e53ae2b:0xb4e6fc244e5e0b1f!8m2!3d-7.77!4d110.0488889!16s%2Fg%2F11b_2mb2ms!19sChIJK65TjtXuei4RHwteTiT85rQ?authuser=0&hl=en&rclk=1,mountain
Gunung Suru,https://www.google.com/maps/place/Gunung+Suru/data=!4m7!3m6!1s0x2e7ae457770824d7:0x274d0aabba5b6e82!8m2!3d-7.8605556!4d110.0894444!16s%2Fg%2F11b_2mj63y!19sChIJ1yQId1fkei4Rgm5buqsKTSc?authuser=0&hl=en&rclk=1,mountain
Gunung Karangjambu,https://www.google.com/maps/place/Gunung+Karangjambu/data=!4m7!3m6!1s0x2e7ae67e9a730761:0x5af8ec4245634b3e!8m2!3d-7.85!4d110.0397222!16s%2Fg%2F11b_2jzmls!19sChIJYQdzmn7mei4RPktjRULs-Fo?authuser=0&hl=en&rclk=1,mountain
Gunung Siwareng,https://www.google.com/maps/place/Gunung+Siwareng/data=!4m7!3m6!1s0x2e7af6f49cc32f59:0x491088ab4b39e004!8m2!3d-7.7405556!4d110.2775!16s%2Fg%2F11b_2mb2s_!19sChIJWS_DnPT2ei4RBOA5S6uIEEk?authuser=0&hl=en&rclk=1,mountain
Gunung Gegermenjangan,https://www.google.com/maps/place/Gunung+Gegermenjangan/data=!4m7!3m6!1s0x2e7aeb9077804a93:0x1170631d5075b241!8m2!3d-7.6994444!4d110.0308333!16s%2Fg%2F11b_2jqhc8!19sChIJk0qAd5Drei4RQbJ1UB1jcBE?authuser=0&hl=en&rclk=1,mountain
Gunung So,https://www.google.com/maps/place/Gunung+So/data=!4m7!3m6!1s0x2e7af692dcf5fdb5:0xbed7b3d622346d10!8m2!3d-7.7380556!4d110.2688889!16s%2Fg%2F11b_2mqjpz!19sChIJtf313JL2ei4REG00Itaz174?authuser=0&hl=en&rclk=1,mountain
Gunung Wangi,https://www.google.com/maps/place/Gunung+Wangi/data=!4m7!3m6!1s0x2e7aec498b39b46d:0x9a64543578d7bc45!8m2!3d-7.7055556!4d110.0863889!16s%2Fg%2F11b_2qqkfz!19sChIJbbQ5i0nsei4RRbzXeDVUZJo?authuser=0&hl=en&rclk=1,mountain
Gunung Butak,https://www.google.com/maps/place/Gunung+Butak/data=!4m7!3m6!1s0x2e7af7008a7b52b5:0x778554d70d5a44d8!8m2!3d-7.7616667!4d110.2819444!16s%2Fg%2F11b_2mmcwk!19sChIJtVJ7igD3ei4R2ERaDddUhXc?authuser=0&hl=en&rclk=1,mountain
Gunung Wungkal,https://www.google.com/maps/place/Gunung+Wungkal/data=!4m7!3m6!1s0x2e7af6f79558db6f:0x524ce049c8880c4f!8m2!3d-7.7475!4d110.2816667!16s%2Fg%2F11b_2qycp7!19sChIJb9tYlff2ei4RTwyIyEngTFI?authuser=0&hl=en&rclk=1,mountain
Gunung Kebokuning,https://www.google.com/maps/place/Gunung+Kebokuning/data=!4m7!3m6!1s0x2e7aee10c272a6f3:0x13c87ab86a750c63!8m2!3d-7.7397222!4d110.1263889!16s%2Fg%2F11b_2qqk8n!19sChIJ86ZywhDuei4RYwx1arh6yBM?authuser=0&hl=en&rclk=1,mountain
Gunung Butak,https://www.google.com/maps/place/Gunung+Butak/data=!4m7!3m6!1s0x2e7ae671dba76639:0xec353df77066b87c!8m2!3d-7.84!4d110.0336111!16s%2Fg%2F11b_2p7ldn!19sChIJOWan23Hmei4RfLhmcPc9New?authuser=0&hl=en&rclk=1,mountain
Gunung Kukusan,https://www.google.com/maps/place/Gunung+Kukusan/data=!4m7!3m6!1s0x2e7ae5a296044def:0xc2fd45167e3678a9!8m2!3d-7.8022222!4d110.0702778!16s%2Fg%2F11b_2kdbw9!19sChIJ700ElqLlei4RqXg2fhZF_cI?authuser=0&hl=en&rclk=1,mountain
Gunung Sejambu,https://www.google.com/maps/place/Gunung+Sejambu/data=!4m7!3m6!1s0x2e7aec7a0f80aafd:0x7ab30237847da78f!8m2!3d-7.6977778!4d110.0516667!16s%2Fg%2F11b_2pzz1t!19sChIJ_aqAD3rsei4Rj6d9hDcCs3o?authuser=0&hl=en&rclk=1,mountain
Gunung Agung,https://www.google.com/maps/place/Gunung+Agung/data=!4m7!3m6!1s0x2e7ae5f18e689327:0x3bd128c64807b99a!8m2!3d-7.8197222!4d110.0622222!16s%2Fg%2F11b_2lyzz4!19sChIJJ5NojvHlei4RmrkHSMYo0Ts?authuser=0&hl=en&rclk=1,mountain
Gunung Sipendul,https://www.google.com/maps/place/Gunung+Sipendul/data=!4m7!3m6!1s0x2e7aecdb8af4119d:0x7f3f9ec90272845b!8m2!3d-7.6605556!4d110.085!16s%2Fg%2F11b_2k6qld!19sChIJnRH0itvsei4RW4RyAsmeP38?authuser=0&hl=en&rclk=1,mountain
Gunung Kucir,https://www.google.com/maps/place/Gunung+Kucir/data=!4m7!3m6!1s0x2e7af23f9d335103:0x8bc8bbf15afe6a3!8m2!3d-7.7036111!4d110.1669444!16s%2Fg%2F122v3smr!19sChIJA1EznT_yei4Ro-avFb-LvAg?authuser=0&hl=en&rclk=1,mountain
Gunung Widosari,https://www.google.com/maps/place/Gunung+Widosari/data=!4m7!3m6!1s0x2e7af2af2d768663:0xc1d7fa3f1ae9bcd!8m2!3d-7.6505556!4d110.1463889!16s%2Fg%2F11b_2pg6q2!19sChIJY4Z2La_yei4RzZuu8aN_HQw?authuser=0&hl=en&rclk=1,mountain
Gunung Kunir,https://www.google.com/maps/place/Gunung+Kunir/data=!4m7!3m6!1s0x2e7aece14cccf541:0x4994322260fb8e9c!8m2!3d-7.67!4d110.0866667!16s%2Fg%2F11b_2rp03v!19sChIJQfXMTOHsei4RnI77YCIylEk?authuser=0&hl=en&rclk=1,mountain
Gunung Gede,https://www.google.com/maps/place/Gunung+Gede/data=!4m7!3m6!1s0x2e7af6f43b5b6761:0xfff7ef7d86b364cc!8m2!3d-7.7663889!4d110.2830556!16s%2Fg%2F11b_2mqjgs!19sChIJYWdbO_T2ei4RzGSzhn3v9_8?authuser=0&hl=en&rclk=1,mountain
MOUNTAIN CLOTHING,https://www.google.com/maps/place/MOUNTAIN+CLOTHING/data=!4m7!3m6!1s0x2e7af36ed1da47d7:0x4992bd0ccd1a2174!8m2!3d-7.6682243!4d110.1644008!16s%2Fg%2F11rx3fpgp6!19sChIJ10fa0W7zei4RdCEazQy9kkk?authuser=0&hl=en&rclk=1,mountain
Gunung Wijil,https://www.google.com/maps/place/Gunung+Wijil/data=!4m7!3m6!1s0x2e7ae4cae1c15f0d:0xe52ebdc164d130a0!8m2!3d-7.8666755!4d110.1384594!16s%2Fg%2F11c6s8wrtg!19sChIJDV_B4crkei4RoDDRZMG9LuU?authuser=0&hl=en&rclk=1,mountain
Mountain cold tech,https://www.google.com/maps/place/Mountain+cold+tech/data=!4m7!3m6!1s0x2e7afb3ffc421ed3:0xd2698a1231e5f96b!8m2!3d-7.8675114!4d110.1638104!16s%2Fg%2F11cry0q6gp!19sChIJ0x5C_D_7ei4Ra_nlMRKKadI?authuser=0&hl=en&rclk=1,mountain
Mengger mount,https://www.google.com/maps/place/Mengger+mount/data=!4m7!3m6!1s0x2e7ae98de758fa51:0xb3a8126271139b09!8m2!3d-7.7528633!4d110.04414!16s%2Fg%2F11pv3wn3w9!19sChIJUfpY543pei4RCZsTcWISqLM?authuser=0&hl=en&rclk=1,mountain
Lereng kidul Gunung Jeruk,https://www.google.com/maps/place/Lereng+kidul+Gunung+Jeruk/data=!4m7!3m6!1s0x2e7ae5c4732ae0d9:0x152891ae32a6ae5c!8m2!3d-7.849367!4d110.0970777!16s%2Fg%2F11fwgx1k0r!19sChIJ2eAqc8Tlei4RXK6mMq6RKBU?authuser=0&hl=en&rclk=1,mountain
Mount Merbabu,https://www.google.com/maps/place/Mount+Merbabu/data=!4m7!3m6!1s0x2e7a7b455e544767:0xf7af0c6e80ad2dde!8m2!3d-7.455!4d110.44!16zL20vMGc3cDU1!19sChIJZ0dUXkV7ei4R3i2tgG4Mr_c?authuser=0&hl=en&rclk=1,mountain
Gunung Curi,https://www.google.com/maps/place/Gunung+Curi/data=!4m7!3m6!1s0x2e7af1a21849ce25:0xc3795c624dfbede2!8m2!3d-7.7972285!4d110.1994723!16s%2Fg%2F11hzc0y5s5!19sChIJJc5JGKLxei4R4u37TWJcecM?authuser=0&hl=en&rclk=1,mountain
Gunung Papi,https://www.google.com/maps/place/Gunung+Papi/data=!4m7!3m6!1s0x2e7af7d3cd8b61fd:0x292f729f581691e7!8m2!3d-7.7426125!4d110.2835469!16s%2Fg%2F11swt8knf9!19sChIJ_WGLzdP3ei4R55EWWJ9yLyk?authuser=0&hl=en&rclk=1,mountain
Mountain Laundry,https://www.google.com/maps/place/Mountain+Laundry/data=!4m7!3m6!1s0x2e7af88284696041:0xa0645dfa1f4fc663!8m2!3d-7.84714!4d110.3304377!16s%2Fg%2F11csp8fy9d!19sChIJQWBphIL4ei4RY8ZPH_pdZKA?authuser=0&hl=en&rclk=1,mountain
Watu sumbul hill,https://www.google.com/maps/place/Watu+sumbul+hill/data=!4m7!3m6!1s0x2e7aed2b00d606cb:0x189e2bbb314e62f3!8m2!3d-7.6995898!4d110.0777218!16s%2Fg%2F11h55y1htn!19sChIJywbWACvtei4R82JOMbsrnhg?authuser=0&hl=en&rclk=1,mountain
Pangkalan Gas LPG 3Kg Mountain,https://www.google.com/maps/place/Pangkalan+Gas+LPG+3Kg+Mountain/data=!4m7!3m6!1s0x2e7afb8e69e7b8cf:0xe1ab22f19a680145!8m2!3d-7.8223782!4d110.2155921!16s%2Fg%2F11m8wvzsmf!19sChIJz7jnaY77ei4RRQFomvEiq-E?authuser=0&hl=en&rclk=1,mountain
Menara KAI Gunung Jeruk,https://www.google.com/maps/place/Menara+KAI+Gunung+Jeruk/data=!4m7!3m6!1s0x2e7ae4feae3d351b:0xf63803c117b9856b!8m2!3d-7.8553304!4d110.0978696!16s%2Fg%2F11c58pgs_m!19sChIJGzU9rv7kei4Ra4W5F8EDOPY?authuser=0&hl=en&rclk=1,mountain
PUNCAK GUNUNG KUKUSAN BAGELEN,https://www.google.com/maps/place/PUNCAK+GUNUNG+KUKUSAN+BAGELEN/data=!4m7!3m6!1s0x2e7aef6797acabc3:0xaaa048f29414c34e!8m2!3d-7.8021646!4d110.0701154!16s%2Fg%2F11fzrpyvcd!19sChIJw6usl2fvei4RTsMUlPJIoKo?authuser=0&hl=en&rclk=1,mountain
GENTING RIMUN,https://www.google.com/maps/place/GENTING+RIMUN/data=!4m7!3m6!1s0x2e7aecf8189af53d:0x16d014e2fc161a95!8m2!3d-7.6852842!4d110.0812314!16s%2Fg%2F11h9svbw7k!19sChIJPfWaGPjsei4RlRoW_OIU0BY?authuser=0&hl=en&rclk=1,mountain
Pondok Pesantren AlWahid Puncak Menoreh,https://www.google.com/maps/place/Pondok+Pesantren+Al-Wahid+Puncak+Menoreh/data=!4m7!3m6!1s0x2e7af319ec189ac5:0xa3df2cfd327caf96!8m2!3d-7.6907635!4d110.1537245!16s%2Fg%2F11t4n9vx4p!19sChIJxZoY7Bnzei4Rlq98Mv0s36M?authuser=0&hl=en&rclk=1,mountain
Table Mountain National Park,https://www.google.com/maps/place/Table+Mountain+National+Park/data=!4m7!3m6!1s0x1dcc160b8b68dc81:0x64242a4f4803aae7!8m2!3d-33.9604102!4d18.4012537!16zL20vMDl6eXZr!19sChIJgdxoiwsWzB0R56oDSE8qJGQ?authuser=0&hl=en&rclk=1,mountain
Noto Sanjayan,https://www.google.com/maps/place/Noto+Sanjayan/data=!4m7!3m6!1s0x2e7afb5b20d6f6cd:0x6e2fbd64dad7703e!8m2!3d-7.8509413!4d110.1856855!16s%2Fg%2F11h60hg456!19sChIJzfbWIFv7ei4RPnDX2mS9L24?authuser=0&hl=en&rclk=1,mountain
Kedung Pedut Cable Car Station,https://www.google.com/maps/place/Kedung+Pedut+Cable+Car+Station/data=!4m7!3m6!1s0x2e7aef2a5921898f:0xf5808f467c11fdb6!8m2!3d-7.770354!4d110.1172918!16s%2Fg%2F11jj35vh31!19sChIJj4khWSrvei4Rtv0RfEaPgPU?authuser=0&hl=en&rclk=1,mountain
Golden Teak Mountain View Jatimas Permai,https://www.google.com/maps/place/Golden+Teak+Mountain+View+(Jatimas+Permai)/data=!4m7!3m6!1s0x2e7af9c7e0de6d63:0xa234d4a5cd7765ba!8m2!3d-7.8147347!4d110.2875414!16s%2Fg%2F11fqcv5wjf!19sChIJY23e4Mf5ei4RumV3zaXUNKI?authuser=0&hl=en&rclk=1,mountain
Pal7 camping,https://www.google.com/maps/place/Pal7+camping/data=!4m7!3m6!1s0x2e7aef74aff136a3:0xe99ddd93f45eae50!8m2!3d-7.7336051!4d110.0872022!16s%2Fg%2F11kwnlbpzf!19sChIJozbxr3Tvei4RUK5e9JPdnek?authuser=0&hl=en&rclk=1,mountain
Gunung Mujil,https://www.google.com/maps/place/Gunung+Mujil/data=!4m7!3m6!1s0x2e7af174a0c9a5f5:0xd393ee809deb3007!8m2!3d-7.7418228!4d110.1937643!16s%2Fg%2F11b_2jqh9f!19sChIJ9aXJoHTxei4RBzDrnYDuk9M?authuser=0&hl=en&rclk=1,mountain
Suro Sekangun SokoAgung,https://www.google.com/maps/place/Suro+Sekangun+SokoAgung/data=!4m7!3m6!1s0x2e7aef4b055caccb:0x93597ec6aac72d71!8m2!3d-7.7944673!4d110.0472514!16s%2Fg%2F11f0wn22nk!19sChIJy6xcBUvvei4RcS3HqsZ-WZM?authuser=0&hl=en&rclk=1,mountain
Nature Flower Cane,https://www.google.com/maps/place/Nature+Flower+Cane/data=!4m7!3m6!1s0x2e7af1e647a8f1c5:0xe413d5f357d4a84a!8m2!3d-7.74157!4d110.1505354!16s%2Fg%2F11ddw_n0xh!19sChIJxfGoR-bxei4RSqjUV_PVE-Q?authuser=0&hl=en&rclk=1,mountain
Mountain High Resort,https://www.google.com/maps/place/Mountain+High+Resort/data=!4m7!3m6!1s0x80c31702941f89b9:0xaf8aebf08e4a96b5!8m2!3d34.3769418!4d-117.6915242!16zL20vMDk4NTE2!19sChIJuYkflAIXw4ARtZZKjvDriq8?authuser=0&hl=en&rclk=1,mountain
Grandfather Mountain,https://www.google.com/maps/place/Grandfather+Mountain/data=!4m7!3m6!1s0x8850ecc227f8d015:0x93c35aaf180c5fc1!8m2!3d36.0950382!4d-81.8322765!16s%2Fg%2F1tcx7qb6!19sChIJFdD4J8LsUIgRwV8MGK9aw5M?authuser=0&hl=en&rclk=1,mountain
Stone Mountain Park,https://www.google.com/maps/place/Stone+Mountain+Park/data=!4m7!3m6!1s0x88f5af93226febdf:0x6f81f2995d35185c!8m2!3d33.8053189!4d-84.1455315!16s%2Fg%2F1trc5tbk!19sChIJ3-tvIpOv9YgRXBg1XZnygW8?authuser=0&hl=en&rclk=1,mountain
Grouse Mountain,https://www.google.com/maps/place/Grouse+Mountain/data=!4m7!3m6!1s0x5486654f8a926ebd:0x5f3f91dd75c9a3f!8m2!3d49.3861785!4d-123.0761487!16zL20vMDF4ODV2!19sChIJvW6Sik9lhlQRP5pc1x358wU?authuser=0&hl=en&rclk=1,mountain
Cairngorm Mountain,https://www.google.com/maps/place/Cairngorm+Mountain/data=!4m7!3m6!1s0x4885f1599fa9dcd7:0x5b7aeea135ae04b3!8m2!3d57.1339053!4d-3.6704116!16s%2Fg%2F1232sbwks!19sChIJ19ypn1nxhUgRswSuNaHuels?authuser=0&hl=en&rclk=1,mountain
Copper Mountain,https://www.google.com/maps/place/Copper+Mountain/data=!4m7!3m6!1s0x876a5ff8a6c85dfb:0xb77361e448db681!8m2!3d39.5021802!4d-106.1497037!16zL20vMDljX2R5!19sChIJ-13IpvhfaocRgbaNRB42dws?authuser=0&hl=en&rclk=1,mountain
Pikes Peak  Americas Mountain,https://www.google.com/maps/place/Pikes+Peak+-+America's+Mountain/data=!4m7!3m6!1s0x871356f31c4e5a25:0xe1720284cf8c176b!8m2!3d38.9083726!4d-104.9819578!16s%2Fg%2F1ttyx5s6!19sChIJJVpOHPNWE4cRaxeMz4QCcuE?authuser=0&hl=en&rclk=1,mountain
Wachusett Mountain State Reservation,https://www.google.com/maps/place/Wachusett+Mountain+State+Reservation/data=!4m7!3m6!1s0x89e3e339404567c1:0xa861c964b33b7fa0!8m2!3d42.4916067!4d-71.8797161!16s%2Fm%2F0b_zybm!19sChIJwWdFQDnj44kRoH87s2TJYag?authuser=0&hl=en&rclk=1,mountain
Arabia Mountain National Heritage Area,https://www.google.com/maps/place/Arabia+Mountain+National+Heritage+Area/data=!4m7!3m6!1s0x88f5ad488b35701d:0xf6e3efd9575c30!8m2!3d33.6678417!4d-84.1196447!16s%2Fm%2F0131_003!19sChIJHXA1i0it9YgRMFxX2e_j9gA?authuser=0&hl=en&rclk=1,mountain
Grandfather Mountain State Park,https://www.google.com/maps/place/Grandfather+Mountain+State+Park/data=!4m7!3m6!1s0x8850f20779096807:0xbadd5301abe8e596!8m2!3d36.1040754!4d-81.8181518!16s%2Fg%2F1tf3plpb!19sChIJB2gJeQfyUIgRluXoqwFT3bo?authuser=0&hl=en&rclk=1,mountain
Blue Mountain Ski Resort,https://www.google.com/maps/place/Blue+Mountain+Ski+Resort/data=!4m7!3m6!1s0x882a70d72afb3245:0x69d4c00d87c251ab!8m2!3d44.5037818!4d-80.3122216!16zL20vMDlia2dk!19sChIJRTL7KtdwKogRq1HChw3A1Gk?authuser=0&hl=en&rclk=1,mountain
Lake Mountain Alpine Resort,https://www.google.com/maps/place/Lake+Mountain+Alpine+Resort/data=!4m7!3m6!1s0x6b286aba7d3e85e9:0xef02c9ba13a003f4!8m2!3d-37.4953079!4d145.878128!16zL20vMGJqMDJf!19sChIJ6YU-fbpqKGsR9AOgE7rJAu8?authuser=0&hl=en&rclk=1,mountain
Bukit Teletubies Bale Asri  Jatisawit  Jatimas,https://www.google.com/maps/place/Bukit+Teletubies+Bale+Asri+-+Jatisawit+-+Jatimas/data=!4m7!3m6!1s0x2e7af920957b8589:0x8cec27fbe1f5bb91!8m2!3d-7.8126252!4d110.2871489!16s%2Fg%2F11fb0vzcp8!19sChIJiYV7lSD5ei4Rkbv14fsn7Iw?authuser=0&hl=en&rclk=1,mountain
National Trust  Divis and the Black Mountain,https://www.google.com/maps/place/National+Trust+-+Divis+and+the+Black+Mountain/data=!4m7!3m6!1s0x48610659d55be261:0x311e18c558d6b4fe!8m2!3d54.5997339!4d-6.0426566!16s%2Fg%2F1tlncvxk!19sChIJYeJb1VkGYUgR_rTWWMUYHjE?authuser=0&hl=en&rclk=1,mountain
West Mountain,https://www.google.com/maps/place/West+Mountain/data=!4m7!3m6!1s0x89dfcc3fdd8be68b:0x78eac40c6fc5bde9!8m2!3d43.285651!4d-73.725285!16zL20vMDloNV9r!19sChIJi-aL3T_M34kR6b3FbwzE6ng?authuser=0&hl=en&rclk=1,mountain
Bear Mountain State Park,https://www.google.com/maps/place/Bear+Mountain+State+Park/data=!4m7!3m6!1s0x89c2cfab89e7c29b:0x3f0390ac972b85f1!8m2!3d41.3107491!4d-73.9888004!16zL20vMDJudjl2!19sChIJm8LniavPwokR8YUrl6yQAz8?authuser=0&hl=en&rclk=1,mountain
Mammoth Mountain Ski Area,https://www.google.com/maps/place/Mammoth+Mountain+Ski+Area/data=!4m7!3m6!1s0x80960d4ed49fd3d1:0xda9c3289d175614!8m2!3d37.6510972!4d-119.0267806!16s%2Fg%2F121hf1xx!19sChIJ0dOf1E4NloARFFYXnSjDqQ0?authuser=0&hl=en&rclk=1,mountain
Gore Mountain,https://www.google.com/maps/place/Gore+Mountain/data=!4m10!3m9!1s0x89df90565316fd31:0x18c18c9a50b190a7!5m2!4m1!1i2!8m2!3d43.6732782!4d-74.0068455!16s%2Fm%2F02q7jr6!19sChIJMf0WU1aQ34kRp5CxUJqMwRg?authuser=0&hl=en&rclk=1,mountain
Blue Mountain Resort,https://www.google.com/maps/place/Blue+Mountain+Resort/data=!4m7!3m6!1s0x89c44565badb0f81:0x865b3c78567b0942!8m2!3d40.81073!4d-75.520864!16zL20vMGdycGs5!19sChIJgQ_bumVFxIkRQgl7Vng8W4Y?authuser=0&hl=en&rclk=1,mountain
Park City Mountain,https://www.google.com/maps/place/Park+City+Mountain/data=!4m7!3m6!1s0x8752729c585de5df:0xfb4938052215e3af!8m2!3d40.6514199!4d-111.5079947!16zL20vMGR6c3o1!19sChIJ3-VdWJxyUocRr-MVIgU4Sfs?authuser=0&hl=en&rclk=1,mountain
Stone Mountain State Park,https://www.google.com/maps/place/Stone+Mountain+State+Park/data=!4m7!3m6!1s0x88519bd1c1005459:0x9e4c8f68ddc33b72!8m2!3d36.3828761!4d-81.0224605!16zL20vMDJ5cGo2!19sChIJWVQAwdGbUYgRcjvD3WiPTJ4?authuser=0&hl=en&rclk=1,mountain
Blue Mountain Village,https://www.google.com/maps/place/Blue+Mountain+Village/data=!4m7!3m6!1s0x882a712a47cb675d:0x249dfd9dc610a134!8m2!3d44.5033715!4d-80.3121795!16s%2Fg%2F11bc5mh12v!19sChIJXWfLRypxKogRNKEQxp39nSQ?authuser=0&hl=en&rclk=1,mountain
Mountain MadnessInc,https://www.google.com/maps/place/Mountain+Madness.Inc/data=!4m7!3m6!1s0x89e3999fae07c0b9:0x63320710393af60a!8m2!3d47.5195587!4d-122.3567356!16s%2Fg%2F1tfsh2x2!19sChIJucAHrp-Z44kRCvY6ORAHMmM?authuser=0&hl=en&rclk=1,mountain
JPL 645 Bagelen,https://www.google.com/maps/place/JPL+645+Bagelen/data=!4m7!3m6!1s0x2e7ae793091b8ef5:0x33882488bda85f17!8m2!3d-7.8228358!4d110.0330554!16s%2Fg%2F11fr7hkjm5!19sChIJ9Y4bCZPnei4RF1-ovYgkiDM?authuser=0&hl=en&rclk=1,mountain
Gunung Puntuk,https://www.google.com/maps/place/Gunung+Puntuk/data=!4m7!3m6!1s0x2e7a540f5dd90081:0x10cd2c51647bb40b!8m2!3d-7.8863889!4d110.4188889!16s%2Fg%2F11b_2jt5md!19sChIJgQDZXQ9Uei4RC7R7ZFEszRA?authuser=0&hl=en&rclk=1,mountain
Puntuk Jatiklinting,https://www.google.com/maps/place/Puntuk+Jatiklinting/data=!4m7!3m6!1s0x2e7a551a762dd8f3:0xab6a164ffe112476!8m2!3d-7.9333333!4d110.3666667!16s%2Fg%2F11bz__ptwc!19sChIJ89gtdhpVei4RdiQR_k8Waqs?authuser=0&hl=en&rclk=1,mountain
Gunung Malang,https://www.google.com/maps/place/Gunung+Malang/data=!4m7!3m6!1s0x2e7a5403d4c40b3f:0xd509cd1487083032!8m2!3d-7.8783333!4d110.42!16s%2Fg%2F1tcy_z19!19sChIJPwvE1ANUei4RMjAIhxTNCdU?authuser=0&hl=en&rclk=1,mountain
Gunung Pucak,https://www.google.com/maps/place/Gunung+Pucak/data=!4m7!3m6!1s0x2e7a51362970611d:0x2b11c8e7c9798cdf!8m2!3d-7.8541667!4d110.4347222!16s%2Fg%2F11b_2l66sk!19sChIJHWFwKTZRei4R34x5yefIESs?authuser=0&hl=en&rclk=1,mountain
Gunung Sudimoro,https://www.google.com/maps/place/Gunung+Sudimoro/data=!4m7!3m6!1s0x2e7a5378a391d049:0x88953b1644f4b31a!8m2!3d-7.9166667!4d110.4333333!16s%2Fg%2F11b_02xdgl!19sChIJSdCRo3hTei4RGrP0RBY7lYg?authuser=0&hl=en&rclk=1,mountain
Gunung Kunden,https://www.google.com/maps/place/Gunung+Kunden/data=!4m7!3m6!1s0x2e7a56b1670f6b4b:0xd77acb6e1b2eea6f!8m2!3d-7.8616667!4d110.4197222!16s%2Fg%2F11b_2n9x6z!19sChIJS2sPZ7FWei4Rb-ouG27Letc?authuser=0&hl=en&rclk=1,mountain
Gunung Nglanggeran,https://www.google.com/maps/place/Gunung+Nglanggeran/data=!4m7!3m6!1s0x2e7a4e387a29a565:0xb84ed0a0fcb97401!8m2!3d-7.8405556!4d110.545!16s%2Fg%2F11x7vlvsr!19sChIJZaUpejhOei4RAXS5_KDQTrg?authuser=0&hl=en&rclk=1,mountain
Gunung Watugender,https://www.google.com/maps/place/Gunung+Watugender/data=!4m7!3m6!1s0x2e7a56b3a7b58247:0xb890eb7c389924e!8m2!3d-7.8619444!4d110.4230556!16s%2Fg%2F11b_2jgt_8!19sChIJR4K1p7NWei4RTpKJw7cOiQs?authuser=0&hl=en&rclk=1,mountain
Gunung Butak,https://www.google.com/maps/place/Gunung+Butak/data=!4m7!3m6!1s0x2e7bab1ff23c6ff1:0x2842efacff8b0e03!8m2!3d-7.9813889!4d110.3797222!16s%2Fg%2F11b_2m42k_!19sChIJ8W888h-rey4RAw6L_6zvQig?authuser=0&hl=en&rclk=1,mountain
Gunung Patuk,https://www.google.com/maps/place/Gunung+Patuk/data=!4m7!3m6!1s0x2e7a57d5e4b0eccf:0x10d0f37510ca8421!8m2!3d-7.8341667!4d110.3316667!16s%2Fg%2F11b_2m705z!19sChIJz-yw5NVXei4RIYTKEHXz0BA?authuser=0&hl=en&rclk=1,mountain
Gunung Pudahsari,https://www.google.com/maps/place/Gunung+Pudahsari/data=!4m7!3m6!1s0x2e7bab508c456d3b:0x4e538979e73df1d!8m2!3d-7.9675!4d110.4177778!16s%2Fg%2F11b_2k1bd7!19sChIJO21FjFCrey4RHd9znpc45QQ?authuser=0&hl=en&rclk=1,mountain
Gunung Selawu,https://www.google.com/maps/place/Gunung+Selawu/data=!4m7!3m6!1s0x2e7baa81a2796dbd:0x7930cd183137bfc3!8m2!3d-8!4d110.3333333!16s%2Fg%2F11b_02llj1!19sChIJvW15ooGqey4Rw783MRjNMHk?authuser=0&hl=en&rclk=1,mountain
Gunung Watupasar,https://www.google.com/maps/place/Gunung+Watupasar/data=!4m7!3m6!1s0x2e7a51e08b302aeb:0xb80a48dc4b3e0d4b!8m2!3d-7.8513889!4d110.5183333!16s%2Fg%2F11b_2kyhdy!19sChIJ6yowi-BRei4RSw0-S9xICrg?authuser=0&hl=en&rclk=1,mountain
Gunung Indrakila,https://www.google.com/maps/place/Gunung+Indrakila/data=!4m7!3m6!1s0x2e7a514d20890a25:0x15fd3ed54311ca80!8m2!3d-7.8625!4d110.4275!16s%2Fg%2F11b_2rg751!19sChIJJQqJIE1Rei4RgMoRQ9U-_RU?authuser=0&hl=en&rclk=1,mountain
Gentong Mountain,https://www.google.com/maps/place/Gentong+Mountain/data=!4m7!3m6!1s0x2e7a4e87bdc771bd:0xbe71c5be0584b96f!8m2!3d-7.8594444!4d110.5708333!16s%2Fg%2F11b_2r43xj!19sChIJvXHHvYdOei4Rb7mEBb7Fcb4?authuser=0&hl=en&rclk=1,mountain
Gunung Watugudik,https://www.google.com/maps/place/Gunung+Watugudik/data=!4m7!3m6!1s0x2e7a514ec6480ac3:0x28eaf0e2131ac190!8m2!3d-7.8602778!4d110.4338889!16s%2Fg%2F11b_2kntvv!19sChIJwwpIxk5Rei4RkMEaE-Lw6ig?authuser=0&hl=en&rclk=1,mountain
Gunung Sempu,https://www.google.com/maps/place/Gunung+Sempu/data=!4m7!3m6!1s0x2e7a57d6a31c1afb:0x64b4e9e0fdcd6a64!8m2!3d-7.8330556!4d110.3355556!16s%2Fg%2F11b_2jmx_5!19sChIJ-xoco9ZXei4RZGrN_eDptGQ?authuser=0&hl=en&rclk=1,mountain
Gunung Sentono,https://www.google.com/maps/place/Gunung+Sentono/data=!4m7!3m6!1s0x2e7a56ae25fceb85:0x80a21f1931e6be77!8m2!3d-7.8658333!4d110.4180556!16s%2Fg%2F11b_2l0f2s!19sChIJhev8Ja5Wei4Rd77mMRkfooA?authuser=0&hl=en&rclk=1,mountain
Gunung Mengger,https://www.google.com/maps/place/Gunung+Mengger/data=!4m7!3m6!1s0x2e7bab2abe6eefe7:0x75d3bb95c77be072!8m2!3d-7.9613889!4d110.3797222!16s%2Fg%2F11b_2p47b7!19sChIJ5-9uviqrey4RcuB7x5W703U?authuser=0&hl=en&rclk=1,mountain
Gunung Bangkel,https://www.google.com/maps/place/Gunung+Bangkel/data=!4m7!3m6!1s0x2e7a50ef60765167:0xcb8d0620f9121e19!8m2!3d-7.8222222!4d110.4575!16s%2Fg%2F11b_2n044s!19sChIJZ1F2YO9Qei4RGR4S-SAGjcs?authuser=0&hl=en&rclk=1,mountain
Gunung Kucing,https://www.google.com/maps/place/Gunung+Kucing/data=!4m7!3m6!1s0x2e7a51099cdc15b5:0x27d805e2ad0785b3!8m2!3d-7.8466667!4d110.4711111!16s%2Fg%2F11b_2rg71p!19sChIJtRXcnAlRei4Rs4UHreIF2Cc?authuser=0&hl=en&rclk=1,mountain
Gunung Gelap,https://www.google.com/maps/place/Gunung+Gelap/data=!4m7!3m6!1s0x2e7a56ad07c1809f:0x782d4b89c494ac86!8m2!3d-7.8672222!4d110.4233333!16s%2Fg%2F11b_2q5pll!19sChIJn4DBB61Wei4RhqyUxIlLLXg?authuser=0&hl=en&rclk=1,mountain
Puntuk Butak,https://www.google.com/maps/place/Puntuk+Butak/data=!4m7!3m6!1s0x2e7baa9f870590eb:0x350778ac22a83513!8m2!3d-7.9833333!4d110.3333333!16s%2Fg%2F11b_035tz8!19sChIJ65AFh5-qey4REzWoIqx4BzU?authuser=0&hl=en&rclk=1,mountain
Gunung Curu,https://www.google.com/maps/place/Gunung+Curu/data=!4m7!3m6!1s0x2e7a50f2407b5825:0xc3ba38562549a85f!8m2!3d-7.8155556!4d110.4636111!16s%2Fg%2F11b_2mtncp!19sChIJJVh7QPJQei4RX6hJJVY4usM?authuser=0&hl=en&rclk=1,mountain
Mountain cafe,https://www.google.com/maps/place/Mountain+cafe/data=!4m7!3m6!1s0x2e7bb3cc5baecaf7:0xc4cab8d11961df2f!8m2!3d-7.9615038!4d110.5950174!16s%2Fg%2F11sh1fffv8!19sChIJ98quW8yzey4RL99hGdG4ysQ?authuser=0&hl=en&rclk=1,mountain
Mbolo Under Mountain,https://www.google.com/maps/place/Mbolo+Under+Mountain/data=!4m7!3m6!1s0x2e7a53a7608593ed:0x45bde5f8b5e1ea45!8m2!3d-7.9107273!4d110.4279161!16s%2Fg%2F11sn77zsjv!19sChIJ7ZOFYKdTei4RRerhtfjlvUU?authuser=0&hl=en&rclk=1,mountain
south mountain outdoor,https://www.google.com/maps/place/south+mountain+outdoor/data=!4m7!3m6!1s0x2e7a4d561c3ff631:0x2af1efd22072db4b!8m2!3d-7.9420564!4d110.6097921!16s%2Fg%2F11lkprxt8q!19sChIJMfY_HFZNei4RS9tyINLv8So?authuser=0&hl=en&rclk=1,mountain
sukudholl All Mountain,https://www.google.com/maps/place/sukudholl+All+Mountain/data=!4m7!3m6!1s0x2e7a570eb403427f:0x29cf52d0ec13ac26!8m2!3d-7.8022077!4d110.3915414!16s%2Fg%2F11hzh7d8zp!19sChIJf0IDtA5Xei4RJqwT7NBSzyk?authuser=0&hl=en&rclk=1,mountain
Bukit Ijo lookout and mountain bike trail,https://www.google.com/maps/place/Bukit+Ijo+lookout+and+mountain+bike+trail/data=!4m7!3m6!1s0x2e7a5513a2d0f7ff:0xee72be854f542c94!8m2!3d-7.9399787!4d110.4018101!16s%2Fg%2F11gkx38bd0!19sChIJ__fQohNVei4RlCxUT4W-cu4?authuser=0&hl=en&rclk=1,mountain
nepa Mountain  Book  Coffee,https://www.google.com/maps/place/nepa+Mountain+-+Book+-+Coffee/data=!4m7!3m6!1s0x2e7a5908f01b73b7:0xa429b713d99808a5!8m2!3d-7.7384402!4d110.3990488!16s%2Fg%2F11j4k_n9tl!19sChIJt3Mb8AhZei4RpQiY2RO3KaQ?authuser=0&hl=en&rclk=1,mountain
JoGja Zebra Mountain Bike,https://www.google.com/maps/place/JoGja+Zebra+Mountain+Bike/data=!4m7!3m6!1s0x2e7a578908d4aa49:0x7eab59b564b27773!8m2!3d-7.799099!4d110.3627408!16s%2Fg%2F1pzrz2fkm!19sChIJSarUCIlXei4Rc3eyZLVZq34?authuser=0&hl=en&rclk=1,mountain
Book For Mountain Community,https://www.google.com/maps/place/Book+For+Mountain+Community/data=!4m7!3m6!1s0x2e7a580e9317e2c3:0x52308a59d4fe53ab!8m2!3d-7.7831648!4d110.3388373!16s%2Fg%2F1pzrf_kfl!19sChIJw-IXkw5Yei4Rq1P-1FmKMFI?authuser=0&hl=en&rclk=1,mountain
Sekretariat Book For Mountain,https://www.google.com/maps/place/Sekretariat+Book+For+Mountain/data=!4m7!3m6!1s0x2e7a5891b0b82edd:0xece2ed93a1cfb8d5!8m2!3d-7.7649932!4d110.3397499!16s%2Fg%2F11b77cfnxv!19sChIJ3S64sJFYei4R1bjPoZPt4uw?authuser=0&hl=en&rclk=1,mountain
GRAND MOUNTAIN,https://www.google.com/maps/place/GRAND+MOUNTAIN/data=!4m7!3m6!1s0x2e7a57d4e4036f2f:0xf755164e7fb3bac0!8m2!3d-7.8197923!4d110.3835423!16s%2Fg%2F11t64cjpxg!19sChIJL28D5NRXei4RwLqzf04WVfc?authuser=0&hl=en&rclk=1,mountain
Twin Mountain Adventure,https://www.google.com/maps/place/Twin+Mountain+Adventure/data=!4m7!3m6!1s0x2e7a5a0379ede18b:0xdc96ccae073cef27!8m2!3d-7.784778!4d110.4314925!16s%2Fg%2F11b6hm63jk!19sChIJi-HteQNaei4RJ-88B67Mltw?authuser=0&hl=en&rclk=1,mountain
Merapi Mountain Store Yogyakarta,https://www.google.com/maps/place/Merapi+Mountain+Store+Yogyakarta/data=!4m7!3m6!1s0x2e7a59045f11f1bb:0xf989caf6a32d49ee!8m2!3d-7.7785758!4d110.3613758!16s%2Fg%2F11rv19177c!19sChIJu_ERXwRZei4R7kkto_bKifk?authuser=0&hl=en&rclk=1,mountain
CXMM Coffee by Mountain Merch,https://www.google.com/maps/place/CXMM+(Coffee+by+Mountain+Merch)/data=!4m7!3m6!1s0x2e7a598bbc0fb437:0x237e9b114d1353aa!8m2!3d-7.7302944!4d110.3837143!16s%2Fg%2F11ghff0z72!19sChIJN7QPvItZei4RqlMTTRGbfiM?authuser=0&hl=en&rclk=1,mountain
South Mountain Drum Craft,https://www.google.com/maps/place/South+Mountain+Drum+Craft/data=!4m7!3m6!1s0x2e7bb3dc6d1122bb:0x723b746843bda446!8m2!3d-7.9586467!4d110.6060997!16s%2Fg%2F11h_w133hk!19sChIJuyIRbdyzey4RRqS9Q2h0O3I?authuser=0&hl=en&rclk=1,mountain
Mountain Production Sound  Equipment Rent,https://www.google.com/maps/place/Mountain+Production+Sound+%26+Equipment+Rent/data=!4m7!3m6!1s0x2e7a50606d95c4eb:0xba4f2201686f05c4!8m2!3d-7.8104211!4d110.4756428!16s%2Fg%2F11gfh3dhtw!19sChIJ68SVbWBQei4RxAVvaAEiT7o?authuser=0&hl=en&rclk=1,mountain
Gunung Glondong,https://www.google.com/maps/place/Gunung+Glondong/data=!4m7!3m6!1s0x2e7a5184bb0d662b:0x45be7dc8c10dd873!8m2!3d-7.8210846!4d110.4817762!16s%2Fg%2F11nrr1_ld1!19sChIJK2YNu4RRei4Rc9gNwch9vkU?authuser=0&hl=en&rclk=1,mountain
GURU GIRI,https://www.google.com/maps/place/GURU+GIRI/data=!4m10!3m9!1s0x2e7a51e315401949:0x8ae69038622715d6!5m2!4m1!1i2!8m2!3d-7.8224657!4d110.4585059!16s%2Fg%2F11gy7sdfj9!19sChIJSRlAFeNRei4R1hUnYjiQ5oo?authuser=0&hl=en&rclk=1,mountain
Mountain Production  Sukro Entertainment,https://www.google.com/maps/place/Mountain+Production+%26+Sukro+Entertainment/data=!4m7!3m6!1s0x2e7a5044b6dfe619:0x73ea2083d58b131e!8m2!3d-7.8167942!4d110.486413!16s%2Fg%2F11f3v2tt7w!19sChIJGebftkRQei4RHhOL1YMg6nM?authuser=0&hl=en&rclk=1,mountain
Mountain Sandals Store,https://www.google.com/maps/place/Mountain+Sandals+Store/data=!4m7!3m6!1s0x2e7a545da0fd8d05:0x48e87022b8f8fa61!8m2!3d-7.8734977!4d110.3923871!16s%2Fg%2F11fylwdxby!19sChIJBY39oF1Uei4RYfr4uCJw6Eg?authuser=0&hl=en&rclk=1,mountain
Mount Merapi Tour  Travel,https://www.google.com/maps/place/Mount+Merapi+Tour+%26+Travel/data=!4m7!3m6!1s0x2e7a579b8c32fc4d:0x7e2f149a171dc924!8m2!3d-7.8195256!4d110.3315184!16s%2Fg%2F11gbp9bhhm!19sChIJTfwyjJtXei4RJMkdF5oUL34?authuser=0&hl=en&rclk=1,mountain
Padepokan Paseduluran Pusat,https://www.google.com/maps/place/Padepokan+Paseduluran+Pusat/data=!4m7!3m6!1s0x2e7af980e964b653:0x6e0403335c731d7e!8m2!3d-7.8550335!4d110.3116239!16s%2Fg%2F11f794g595!19sChIJU7Zk6YD5ei4Rfh1zXDMDBG4?authuser=0&hl=en&rclk=1,mountain
Mountain Creek Resort,https://www.google.com/maps/place/Mountain+Creek+Resort/data=!4m10!3m9!1s0x89c33e0599faf991:0x1e2ef40d0bad4795!5m2!4m1!1i2!8m2!3d41.1907595!4d-74.5054475!16zL20vMDQzN3c2!19sChIJkfn6mQU-w4kRlUetCw30Lh4?authuser=0&hl=en&rclk=1,mountain
Omah tatal,https://www.google.com/maps/place/Omah+tatal/data=!4m7!3m6!1s0x2e7a5152988c81c7:0x5635b04c0155efb5!8m2!3d-7.8706871!4d110.4338713!16s%2Fg%2F11rcfqq7t4!19sChIJx4GMmFJRei4Rte9VAUywNVY?authuser=0&hl=en&rclk=1,mountain
House of Southern Mountain,https://www.google.com/maps/place/House+of+Southern+Mountain/data=!4m7!3m6!1s0x2e7a4bf92089fc9d:0x46a259cb8d3ed455!8m2!3d-7.9305028!4d110.6924366!16s%2Fg%2F11p0wsvgwl!19sChIJnfyJIPlLei4RVdQ-jctZokY?authuser=0&hl=en&rclk=1,mountain
South Mountain ThriftShop,https://www.google.com/maps/place/South+Mountain+ThriftShop/data=!4m7!3m6!1s0x2e7a4df7c8a9d037:0x57a12ecec0d6e8fa!8m2!3d-7.9493543!4d110.5790328!16s%2Fg%2F11p63sjnf7!19sChIJN9CpyPdNei4R-ujWwM4uoVc?authuser=0&hl=en&rclk=1,mountain
Bukit Tengah,https://www.google.com/maps/place/Bukit+Tengah/data=!4m7!3m6!1s0x2e7bca68b9106bed:0x9121e664af8ecbcc!8m2!3d-7.9947222!4d110.7311111!16s%2Fg%2F11b_2l396c!19sChIJ7WsQuWjKey4RzMuOr2TmIZE?authuser=0&hl=en&rclk=1,mountain
Bukit Banjeng,https://www.google.com/maps/place/Bukit+Banjeng/data=!4m7!3m6!1s0x2e7bca70197fee7b:0x2dd234480352366!8m2!3d-7.995!4d110.7236111!16s%2Fg%2F11b_2qqkhw!19sChIJe-5_GXDKey4RZiM1gEQj3QI?authuser=0&hl=en&rclk=1,mountain
Bukit Jejermati,https://www.google.com/maps/place/Bukit+Jejermati/data=!4m7!3m6!1s0x2e7bb58f5e8895df:0x30abf04d78db1ed5!8m2!3d-7.9952778!4d110.705!16s%2Fg%2F11b_2m42cc!19sChIJ35WIXo-1ey4R1R7beE3wqzA?authuser=0&hl=en&rclk=1,mountain
Bukit Kedondong,https://www.google.com/maps/place/Bukit+Kedondong/data=!4m7!3m6!1s0x2e7bca7a4d28ad7f:0x84aeade91e52d2fd!8m2!3d-7.9916667!4d110.7202778!16s%2Fg%2F11b_2pzz1c!19sChIJf60oTXrKey4R_dJSHumtroQ?authuser=0&hl=en&rclk=1,mountain
Bukit Kweni,https://www.google.com/maps/place/Bukit+Kweni/data=!4m7!3m6!1s0x2e7bca73ddfc1995:0xef42ad0e3c22c868!8m2!3d-7.9997222!4d110.7197222!16s%2Fg%2F11b_2lv_7b!19sChIJlRn83XPKey4RaMgiPA6tQu8?authuser=0&hl=en&rclk=1,mountain
MOUNTAIN STONE CV,https://www.google.com/maps/place/MOUNTAIN+STONE+CV/data=!4m7!3m6!1s0x2e7bb59e7d701ea7:0x776e65c210e72a89!8m2!3d-7.987819!4d110.6938187!16s%2Fg%2F11dxdht3qs!19sChIJpx5wfZ61ey4RiSrnEMJlbnc?authuser=0&hl=en&rclk=1,mountain
Gunung Kepuh,https://www.google.com/maps/place/Gunung+Kepuh/data=!4m7!3m6!1s0x2e7bc9814a7e8daf:0x6603928feaf6ffa2!8m2!3d-8.0272222!4d110.7541667!16s%2Fg%2F11b_2jgtwf!19sChIJr41-SoHJey4Rov_26o-SA2Y?authuser=0&hl=en&rclk=1,mountain
Bukit Lumbung,https://www.google.com/maps/place/Bukit+Lumbung/data=!4m7!3m6!1s0x2e7bca6ea09c1037:0x432609394251e021!8m2!3d-7.9988889!4d110.7288889!16s%2Fg%2F11b_2ps78y!19sChIJNxCcoG7Key4RIeBRQjkJJkM?authuser=0&hl=en&rclk=1,mountain
Bukit Gedepomaan,https://www.google.com/maps/place/Bukit+Gedepomaan/data=!4m7!3m6!1s0x2e7bca89f009c09d:0xdea2e5f98884d27c!8m2!3d-7.9827778!4d110.7294444!16s%2Fg%2F11b_2rbzjp!19sChIJncAJ8InKey4RfNKEiPnlot4?authuser=0&hl=en&rclk=1,mountain
Gunung Gempeng,https://www.google.com/maps/place/Gunung+Gempeng/data=!4m7!3m6!1s0x2e7bca49ceaee885:0xbe40f26e40145f9!8m2!3d-8.0019444!4d110.7513889!16s%2Fg%2F11b_2rbzb6!19sChIJheiuzknKey4R-UUB5CYP5As?authuser=0&hl=en&rclk=1,mountain
Gunung Sewu Geopark,https://www.google.com/maps/place/Gunung+Sewu+Geopark/data=!4m7!3m6!1s0x2e7bb0e5652faf83:0x9f6014003836111d!8m2!3d-8.0833333!4d110.5833333!16s%2Fm%2F0dgsbw8!19sChIJg68vZeWwey4RHRE2OAAUYJ8?authuser=0&hl=en&rclk=1,mountain
Gunung Blawong,https://www.google.com/maps/place/Gunung+Blawong/data=!4m7!3m6!1s0x2e7bca4a5e92cd1d:0x8f74deeb9c27497c!8m2!3d-8.0011111!4d110.7566667!16s%2Fg%2F11b_2njc0j!19sChIJHc2SXkrKey4RfEknnOvedI8?authuser=0&hl=en&rclk=1,mountain
Gunung Ringin,https://www.google.com/maps/place/Gunung+Ringin/data=!4m7!3m6!1s0x2e7bccb8244fe53f:0xaca04658cddf4984!8m2!3d-7.9477778!4d110.8294444!16s%2Fg%2F11b_2k1bml!19sChIJP-VPJLjMey4RhEnfzVhGoKw?authuser=0&hl=en&rclk=1,mountain
Gunung Bongos,https://www.google.com/maps/place/Gunung+Bongos/data=!4m7!3m6!1s0x2e7bcba1d376cd0b:0xc606f57d57db86ad!8m2!3d-7.9833333!4d110.7833333!16s%2Fg%2F11b_02rff_!19sChIJC81206HLey4RrYbbV331BsY?authuser=0&hl=en&rclk=1,mountain
Gunung Semar,https://www.google.com/maps/place/Gunung+Semar/data=!4m7!3m6!1s0x2e7bccbf23262c71:0x35aa41e493c64ba7!8m2!3d-7.9536111!4d110.8291667!16s%2Fg%2F11b_2qddjr!19sChIJcSwmI7_Mey4Rp0vGk-RBqjU?authuser=0&hl=en&rclk=1,mountain
Gunung Panggung,https://www.google.com/maps/place/Gunung+Panggung/data=!4m7!3m6!1s0x2e7a34e3674eb31f:0x2ea669128bf1b63f!8m2!3d-7.9108542!4d110.7654873!16s%2Fg%2F11kd5y2t9g!19sChIJH7NOZ-M0ei4RP7bxixJppi4?authuser=0&hl=en&rclk=1,mountain
Gunung Cuweweh,https://www.google.com/maps/place/Gunung+Cuweweh/data=!4m7!3m6!1s0x2e7bba80314d2dd1:0x2ff40b335d2a8de6!8m2!3d-8.1166667!4d110.5666667!16s%2Fg%2F11b_02llm2!19sChIJ0S1NMYC6ey4R5o0qXTML9C8?authuser=0&hl=en&rclk=1,mountain
Gunung Pucung,https://www.google.com/maps/place/Gunung+Pucung/data=!4m7!3m6!1s0x2e7bcf44f08dae3f:0x1f68c90799a2e11d!8m2!3d-8.0897222!4d110.8233333!16s%2Fg%2F11b_2n9xk4!19sChIJP66N8ETPey4RHeGimQfJaB8?authuser=0&hl=en&rclk=1,mountain
Bukit Tumpak,https://www.google.com/maps/place/Bukit+Tumpak/data=!4m7!3m6!1s0x2e7a355263421929:0x3da661de2550a81b!8m2!3d-7.9397222!4d110.7233333!16s%2Fg%2F11b_2kyhqw!19sChIJKRlCY1I1ei4RG6hQJd5hpj0?authuser=0&hl=en&rclk=1,mountain
Gunung Malang,https://www.google.com/maps/place/Gunung+Malang/data=!4m7!3m6!1s0x2e7bccb979b0e92f:0xaeb050a5d7630683!8m2!3d-7.9502778!4d110.8261111!16s%2Fg%2F11b_2n04cf!19sChIJL-mwebnMey4RgwZj16VQsK4?authuser=0&hl=en&rclk=1,mountain
Gunung Jompong,https://www.google.com/maps/place/Gunung+Jompong/data=!4m7!3m6!1s0x2e7a4e0f1868b997:0xabc4b068be5fd92a!8m2!3d-7.8633333!4d110.5358333!16s%2Fg%2F11b_2k410p!19sChIJl7loGA9Oei4RKtlfvmiwxKs?authuser=0&hl=en&rclk=1,mountain
Bukit Langit,https://www.google.com/maps/place/Bukit+Langit/data=!4m7!3m6!1s0x2e7a354cecd1fdbb:0x7c80903b06dc4bb6!8m2!3d-7.9405556!4d110.7286111!16s%2Fg%2F11b_2rp0rd!19sChIJu_3R7Ew1ei4RtkvcBjuQgHw?authuser=0&hl=en&rclk=1,mountain
Bukit Gedekepuh,https://www.google.com/maps/place/Bukit+Gedekepuh/data=!4m7!3m6!1s0x2e7bca615f23a783:0x71dbda5d4e519cc!8m2!3d-7.9875!4d110.7302778!16s%2Fg%2F11b_2jgv56!19sChIJg6cjX2HKey4RzBnl1KW9HQc?authuser=0&hl=en&rclk=1,mountain
Gunung Senen,https://www.google.com/maps/place/Gunung+Senen/data=!4m7!3m6!1s0x2e7bae13052531ad:0x3eeae8857c7ef080!8m2!3d-8.05!4d110.5!16s%2Fg%2F11b_0dntv1!19sChIJrTElBROuey4RgPB-fIXo6j4?authuser=0&hl=en&rclk=1,mountain
Gunung Kidanglayang,https://www.google.com/maps/place/Gunung+Kidanglayang/data=!4m7!3m6!1s0x2e7bcc0c6a962d7f:0xf4203e161d8ca012!8m2!3d-8.0033333!4d110.815!16s%2Fg%2F11b_2kntqw!19sChIJfy2WagzMey4REqCMHRY-IPQ?authuser=0&hl=en&rclk=1,mountain
Gunung Kolodipo,https://www.google.com/maps/place/Gunung+Kolodipo/data=!4m7!3m6!1s0x2e7a35ce031e1411:0x62b649a96548d4fb!8m2!3d-7.8691667!4d110.7533333!16s%2Fg%2F11b_2mf3fm!19sChIJERQeA841ei4R-9RIZalJtmI?authuser=0&hl=en&rclk=1,mountain
Gunung Jambe,https://www.google.com/maps/place/Gunung+Jambe/data=!4m7!3m6!1s0x2e7a49107ed79ec1:0xc6b8235d134052b5!8m2!3d-7.8333333!4d110.65!16s%2Fg%2F11b_0dn7gl!19sChIJwZ7XfhBJei4RtVJAE10juMY?authuser=0&hl=en&rclk=1,mountain
Gunung Gender,https://www.google.com/maps/place/Gunung+Gender/data=!4m7!3m6!1s0x2e7a34631884ee27:0x8931e532088eb818!8m2!3d-7.8947222!4d110.7941667!16s%2Fg%2F11b_2mmcjm!19sChIJJ-6EGGM0ei4RGLiOCDLlMYk?authuser=0&hl=en&rclk=1,mountain
Gunung Panggung,https://www.google.com/maps/place/Gunung+Panggung/data=!4m7!3m6!1s0x2e7a34e36fc87103:0x2c51595b73bc13af!8m2!3d-7.9!4d110.7666667!16s%2Fg%2F11b_01vv2v!19sChIJA3HIb-M0ei4RrxO8c1tZUSw?authuser=0&hl=en&rclk=1,mountain
Gunung Genter,https://www.google.com/maps/place/Gunung+Genter/data=!4m7!3m6!1s0x2e7a4c21049e0dd3:0xc80b7204ad63d56!8m2!3d-7.87!4d110.5894444!16s%2Fg%2F11b_2mj63g!19sChIJ0w2eBCFMei4RVj3WSiC3gAw?authuser=0&hl=en&rclk=1,mountain
Gunung Tlawah,https://www.google.com/maps/place/Gunung+Tlawah/data=!4m7!3m6!1s0x2e7a4914be7716e3:0xbb4ed1094ab9285d!8m2!3d-7.8425!4d110.6455556!16s%2Fg%2F11b_2kntv2!19sChIJ4xZ3vhRJei4RXSi5SgnRTrs?authuser=0&hl=en&rclk=1,mountain
Gunung Kukusan,https://www.google.com/maps/place/Gunung+Kukusan/data=!4m7!3m6!1s0x2e7a4913cc504c51:0x381183d6d9a4f3f0!8m2!3d-7.8391667!4d110.6494444!16s%2Fg%2F11b_2l0dsz!19sChIJUUxQzBNJei4R8POk2daDETg?authuser=0&hl=en&rclk=1,mountain
Gunung Susang,https://www.google.com/maps/place/Gunung+Susang/data=!4m7!3m6!1s0x2e7a309be0b2c1a7:0x318191b70037493e!8m2!3d-7.7786111!4d110.8377778!16s%2Fg%2F11b_2qyb_6!19sChIJp8Gy4Jswei4RPkk3ALeRgTE?authuser=0&hl=en&rclk=1,mountain
South Mountain Of Zeruni,https://www.google.com/maps/place/South+Mountain+Of+Zeruni/data=!4m7!3m6!1s0x2e7bb926f4e561ff:0xb5801ace419cb439!8m2!3d-8.1598803!4d110.6317561!16s%2Fg%2F11qfxx_w2k!19sChIJ_2Hl9Ca5ey4RObScQc4agLU?authuser=0&hl=en&rclk=1,mountain
gunung jowo,https://www.google.com/maps/place/gunung+jowo/data=!4m7!3m6!1s0x2e7bb5795eed526b:0x2fa2f327068a06c9!8m2!3d-8.0300671!4d110.6212923!16s%2Fg%2F11lgx74kt3!19sChIJa1LtXnm1ey4RyQaKBifzoi8?authuser=0&hl=en&rclk=1,mountain
Gunung Gentung,https://www.google.com/maps/place/Gunung+Gentung/data=!4m7!3m6!1s0x2e7bb5c3055d1131:0xf6fcc432510eb939!8m2!3d-8.0146298!4d110.6846375!16s%2Fg%2F11c1s2qqm3!19sChIJMRFdBcO1ey4RObkOUTLE_PY?authuser=0&hl=en&rclk=1,mountain
Plirikan Mountain Park,https://www.google.com/maps/place/Plirikan+Mountain+Park/data=!4m7!3m6!1s0x2e7a315934bff203:0x3fee3ca17312a7a!8m2!3d-7.8153802!4d110.8885278!16s%2Fg%2F11g0hx8c18!19sChIJA_K_NFkxei4ReioxF8rj_gM?authuser=0&hl=en&rclk=1,mountain
Gunung Kitiran,https://www.google.com/maps/place/Gunung+Kitiran/data=!4m7!3m6!1s0x2e7bc5626eaa71a7:0x4347e80da3657c0b!8m2!3d-8.1766301!4d110.891718!16s%2Fg%2F11tffdx8z_!19sChIJp3GqbmLFey4RC3xlow3oR0M?authuser=0&hl=en&rclk=1,mountain
Pendopo Rino Karwito,https://www.google.com/maps/place/Pendopo+Rino+Karwito/data=!4m7!3m6!1s0x2e7bb5711d062bbf:0xba300f7c940933b4!8m2!3d-7.9973087!4d110.6875394!16s%2Fg%2F11rc7p48cp!19sChIJvysGHXG1ey4RtDMJlHwPMLo?authuser=0&hl=en&rclk=1,mountain
Gunung Tekik  Seropan,https://www.google.com/maps/place/Gunung+Tekik+-+Seropan/data=!4m7!3m6!1s0x2e7a4b21230a8b89:0x683cb15a76eda258!8m2!3d-7.9292808!4d110.6610249!16s%2Fg%2F11c45nlzx1!19sChIJiYsKIyFLei4RWKLtdlqxPGg?authuser=0&hl=en&rclk=1,mountain
Gunung geneng,https://www.google.com/maps/place/Gunung+geneng/data=!4m7!3m6!1s0x2e7bc9719891f395:0xaf6a629e1fb8cbd7!8m2!3d-8.0973319!4d110.8034766!16s%2Fg%2F11rb9kv9nc!19sChIJlfORmHHJey4R18u4H55iaq8?authuser=0&hl=en&rclk=1,mountain
Griya heon,https://www.google.com/maps/place/Griya+heon/data=!4m7!3m6!1s0x2e7a4b3af0705537:0xdc8191bd1d579e4a!8m2!3d-7.8895902!4d110.6176866!16s%2Fg%2F11sm22g4_q!19sChIJN1Vw8DpLei4RSp5XHb2Rgdw?authuser=0&hl=en&rclk=1,mountain
WATU KREMUN,https://www.google.com/maps/place/WATU+KREMUN/data=!4m7!3m6!1s0x2e7a4ea4005fc0f7:0x236f32fbff7a7bd!8m2!3d-7.8613102!4d110.5991124!16s%2Fg%2F11ckqn403x!19sChIJ98BfAKROei4Rvaf3vy_zNgI?authuser=0&hl=en&rclk=1,mountain
Kawasan Gunung JOROK,https://www.google.com/maps/place/Kawasan+Gunung+JOROK/data=!4m7!3m6!1s0x2e7a31987005a123:0xb3e96d4747fe95ad!8m2!3d-7.8091078!4d110.8543103!16s%2Fg%2F11j1sv_y4p!19sChIJI6EFcJgxei4RrZX-R0dt6bM?authuser=0&hl=en&rclk=1,mountain
Telaga Mentel,https://www.google.com/maps/place/Telaga+Mentel/data=!4m7!3m6!1s0x2e7bb124111b6e69:0x93a633991ba697e6!8m2!3d-8.0666667!4d110.6!16s%2Fg%2F11b_03n1mr!19sChIJaW4bESSxey4R5pemG5kzppM?authuser=0&hl=en&rclk=1,mountain
Puncak Ngrejeng,https://www.google.com/maps/place/Puncak+Ngrejeng/data=!4m7!3m6!1s0x2e7a37544622c7e3:0x942bf331c501ac60!8m2!3d-7.8424117!4d110.7593!16s%2Fg%2F11ptbmcq40!19sChIJ48ciRlQ3ei4RYKwBxTHzK5Q?authuser=0&hl=en&rclk=1,mountain
Telaga Bolang,https://www.google.com/maps/place/Telaga+Bolang/data=!4m7!3m6!1s0x2e7bc9d063289eb1:0xadd80f424e120d4a!8m2!3d-8.0566667!4d110.7213889!16s%2Fg%2F11b_2pg6s_!19sChIJsZ4oY9DJey4RSg0STkIP2K0?authuser=0&hl=en&rclk=1,mountain
Kanigoro,https://www.google.com/maps/place/Kanigoro/data=!4m7!3m6!1s0x2e7bafb5aa47463f:0x3039d6b19309990!8m2!3d-8.0876964!4d110.5096283!16s%2Fg%2F11nxrj_vbb!19sChIJP0ZHqrWvey4RkJkwGWudAwM?authuser=0&hl=en&rclk=1,mountain
Telaga Mojeng,https://www.google.com/maps/place/Telaga+Mojeng/data=!4m7!3m6!1s0x2e7bb14a90ae3e7f:0x429ffa61164fd512!8m2!3d-8.0505556!4d110.615!16s%2Fg%2F11b_2pzymt!19sChIJfz6ukEqxey4REtVPFmH6n0I?authuser=0&hl=en&rclk=1,mountain
Telaga Badut,https://www.google.com/maps/place/Telaga+Badut/data=!4m7!3m6!1s0x2e7bb646fd230f5f:0xf562e061e8d6fc72!8m2!3d-8.0547222!4d110.6852778!16s%2Fg%2F11b_2p47zz!19sChIJXw8j_Ua2ey4RcvzW6GHgYvU?authuser=0&hl=en&rclk=1,mountain
Telaga Kempul,https://www.google.com/maps/place/Telaga+Kempul/data=!4m7!3m6!1s0x2e7bc9fc5e1742c3:0xce68ec266aade60a!8m2!3d-8.0327778!4d110.7166667!16s%2Fg%2F11b_2rbzcn!19sChIJw0IXXvzJey4RCuataibsaM4?authuser=0&hl=en&rclk=1,mountain
Kedai JoJo,https://www.google.com/maps/place/Kedai+JoJo/data=!4m7!3m6!1s0x2e7bb355adcf567f:0x6c3f4b444b9b052d!8m2!3d-7.9768683!4d110.6103067!16s%2Fg%2F11j1z3c_fg!19sChIJf1bPrVWzey4RLQWbS0RLP2w?authuser=0&hl=en&rclk=1,mountain
Telaga Bowongan,https://www.google.com/maps/place/Telaga+Bowongan/data=!4m7!3m6!1s0x2e7bb6fa0ea0faa9:0x490fa160945fe42a!8m2!3d-8.0597222!4d110.6575!16s%2Fg%2F11b_2p47xm!19sChIJqfqgDvq2ey4RKuRflGChD0k?authuser=0&hl=en&rclk=1,mountain
Telaga Panggul,https://www.google.com/maps/place/Telaga+Panggul/data=!4m7!3m6!1s0x2e7bb6e308d7738d:0x46347568b7e4bd4c!8m2!3d-8.0666667!4d110.65!16s%2Fg%2F11b_00hyjp!19sChIJjXPXCOO2ey4RTL3kt2h1NEY?authuser=0&hl=en&rclk=1,mountain
Telaga Lemahmendak,https://www.google.com/maps/place/Telaga+Lemahmendak/data=!4m7!3m6!1s0x2e7bb7b2540c1be1:0x43ec2f9c64426c27!8m2!3d-8.0713889!4d110.6791667!16s%2Fg%2F11b_2rg6_x!19sChIJ4RsMVLK3ey4RJ2xCZJwv7EM?authuser=0&hl=en&rclk=1,mountain
Telaga Peden,https://www.google.com/maps/place/Telaga+Peden/data=!4m7!3m6!1s0x2e7bb5ce02fdd73d:0x76fa50ebd400d407!8m2!3d-8.0172222!4d110.6711111!16s%2Fg%2F11b_31lpwk!19sChIJPdf9As61ey4RB9QA1OtQ-nY?authuser=0&hl=en&rclk=1,mountain
Telaga Sodong,https://www.google.com/maps/place/Telaga+Sodong/data=!4m7!3m6!1s0x2e7bc9e61298cdbd:0xd0881864176f3813!8m2!3d-8.0411111!4d110.7227778!16s%2Fg%2F11b_2kh4x3!19sChIJvc2YEubJey4REzhvF2QYiNA?authuser=0&hl=en&rclk=1,mountain
Telaga Nangsri,https://www.google.com/maps/place/Telaga+Nangsri/data=!4m7!3m6!1s0x2e7bb68e478f5f53:0x11c8dc9d7a34cb3f!8m2!3d-8.0422222!4d110.6541667!16s%2Fg%2F11b_2pkl4z!19sChIJU1-PR462ey4RP8s0ep3cyBE?authuser=0&hl=en&rclk=1,mountain
Telaga Jonge,https://www.google.com/maps/place/Telaga+Jonge/data=!4m7!3m6!1s0x2e7bb40ce0e9c59d:0x8cc0d2db43140865!8m2!3d-8.0108333!4d110.6255556!16s%2Fg%2F11b_2kh4vm!19sChIJncXp4Ay0ey4RZQgUQ9vSwIw?authuser=0&hl=en&rclk=1,mountain
Siraman 1 Village Meeting Hall,https://www.google.com/maps/place/Siraman+1+Village+Meeting+Hall/data=!4m7!3m6!1s0x2e7bb3202325d37f:0xd00c498d47fdef7a!8m2!3d-7.9706179!4d110.5714632!16s%2Fg%2F11c2p914pf!19sChIJf9MlIyCzey4Reu_9R41JDNA?authuser=0&hl=en&rclk=1,mountain
Telaga Sawah,https://www.google.com/maps/place/Telaga+Sawah/data=!4m7!3m6!1s0x2e7bb70dc5ae74bd:0x85760191e910697e!8m2!3d-8.0861111!4d110.6547222!16s%2Fg%2F11b_2lnzv1!19sChIJvXSuxQ23ey4RfmkQ6ZEBdoU?authuser=0&hl=en&rclk=1,mountain
Telaga Padangan,https://www.google.com/maps/place/Telaga+Padangan/data=!4m7!3m6!1s0x2e7bb0c78f5b13fb:0x85e7c455883370d6!8m2!3d-8.0927778!4d110.6027778!16s%2Fg%2F11b_2q91c0!19sChIJ-xNbj8ewey4R1nAziFXE54U?authuser=0&hl=en&rclk=1,mountain
Omah Cleanthink 1,https://www.google.com/maps/place/Omah+Cleanthink+1/data=!4m7!3m6!1s0x2e7bb06079e92147:0xdff1295b59e431dd!8m2!3d-8.09529!4d110.5669239!16s%2Fg%2F11gbzb50c1!19sChIJRyHpeWCwey4R3THkWVsp8d8?authuser=0&hl=en&rclk=1,mountain
Telaga Ngepung,https://www.google.com/maps/place/Telaga+Ngepung/data=!4m7!3m6!1s0x2e7bb7d8c58d8479:0xb49b826e04785639!8m2!3d-8.0816667!4d110.7102778!16s%2Fg%2F11b_2p7lrz!19sChIJeYSNxdi3ey4ROVZ4BG6Cm7Q?authuser=0&hl=en&rclk=1,mountain
Telaga Ginar,https://www.google.com/maps/place/Telaga+Ginar/data=!4m7!3m6!1s0x2e7bb3faab5168eb:0x5f0e9bb42fb3318b!8m2!3d-8.0211111!4d110.605!16s%2Fg%2F11b_2qqkw6!19sChIJ62hRq_qzey4RizGzL7SbDl8?authuser=0&hl=en&rclk=1,mountain
Telaga Widoro,https://www.google.com/maps/place/Telaga+Widoro/data=!4m7!3m6!1s0x2e7bb62a54ff3ca3:0xb7fee123b686f020!8m2!3d-8.0641667!4d110.7094444!16s%2Fg%2F11b_2mqjnt!19sChIJozz_VCq2ey4RIPCGtiPh_rc?authuser=0&hl=en&rclk=1,mountain
Telaga Lebun,https://www.google.com/maps/place/Telaga+Lebun/data=!4m7!3m6!1s0x2e7bb408e965c799:0x3e6addca8a1e4507!8m2!3d-8.0183333!4d110.6211111!16s%2Fg%2F11b_2pbx4k!19sChIJmcdl6Qi0ey4RB0Ueisrdaj4?authuser=0&hl=en&rclk=1,mountain
Telaga Bamban,https://www.google.com/maps/place/Telaga+Bamban/data=!4m7!3m6!1s0x2e7bb79bf87a115f:0x296d6589845c9932!8m2!3d-8.0952778!4d110.6705556!16s%2Fg%2F11b_2q918p!19sChIJXxF6-Ju3ey4RMplchIllbSk?authuser=0&hl=en&rclk=1,mountain
Telaga Wuluh,https://www.google.com/maps/place/Telaga+Wuluh/data=!4m7!3m6!1s0x2e7bb7e1fc198997:0x163ea9a74a5b3ebb!8m2!3d-8.0922222!4d110.7119444!16s%2Fg%2F11b_2lcycw!19sChIJl4kZ_OG3ey4Ruz5bSqepPhY?authuser=0&hl=en&rclk=1,mountain
Telaga Omang,https://www.google.com/maps/place/Telaga+Omang/data=!4m7!3m6!1s0x2e7bb04403f2757b:0x17bf6df1009db694!8m2!3d-8.0902778!4d110.5516667!16s%2Fg%2F11b_2qt_2_!19sChIJe3XyA0Swey4RlLadAPFtvxc?authuser=0&hl=en&rclk=1,mountain
Crowders Mountain State Park,https://www.google.com/maps/place/Crowders+Mountain+State+Park/data=!4m7!3m6!1s0x8856e8f4cb8db061:0x5459c7362450c961!8m2!3d35.2015141!4d-81.3141461!16zL20vMDJ5cDVo!19sChIJYbCNy_ToVogRYclQJDbHWVQ?authuser=0&hl=en&rclk=1,mountain
Telaga Serpeng,https://www.google.com/maps/place/Telaga+Serpeng/data=!4m7!3m6!1s0x2e7bb3e6d4a92045:0xb11c99c92f847026!8m2!3d-8.0263889!4d110.5963889!16s%2Fg%2F11b_2jzmr0!19sChIJRSCp1Oazey4RJnCEL8mZHLE?authuser=0&hl=en&rclk=1,mountain
Telaga Tanjung,https://www.google.com/maps/place/Telaga+Tanjung/data=!4m7!3m6!1s0x2e7bb40469604da1:0x11b2130a39dca967!8m2!3d-8.0238889!4d110.6247222!16s%2Fg%2F11b_2p7lvn!19sChIJoU1gaQS0ey4RZ6ncOQoTshE?authuser=0&hl=en&rclk=1,mountain
Powder Mountain,https://www.google.com/maps/place/Powder+Mountain/data=!4m7!3m6!1s0x87539f5c93739785:0xec443cd653bcab26!8m2!3d41.378963!4d-111.780685!16zL20vMDdiN3B6!19sChIJhZdzk1yfU4cRJqu8U9Y8ROw?authuser=0&hl=en&rclk=1,mountain
Telaga Ngrinjing,https://www.google.com/maps/place/Telaga+Ngrinjing/data=!4m7!3m6!1s0x2e7bc9f7470c9c41:0xc2a5790415d92b24!8m2!3d-8.0291667!4d110.7255556!16s%2Fg%2F11b_2m707w!19sChIJQZwMR_fJey4RJCvZFQR5pcI?authuser=0&hl=en&rclk=1,mountain
Telaga Kramean,https://www.google.com/maps/place/Telaga+Kramean/data=!4m7!3m6!1s0x2e7bc91f9d96fdf5:0x52779799cdf1b761!8m2!3d-8.0605556!4d110.7827778!16s%2Fg%2F11b_2r43j7!19sChIJ9f2WnR_Jey4RYbfxzZmXd1I?authuser=0&hl=en&rclk=1,mountain
Omah Cleanthink,https://www.google.com/maps/place/Omah+Cleanthink/data=!4m7!3m6!1s0x2e7bb1c9d329cfa3:0xea494719ccb9186a!8m2!3d-8.0678218!4d110.5448358!16s%2Fg%2F11fzc0r258!19sChIJo88p08mxey4Rahi5zBlHSeo?authuser=0&hl=en&rclk=1,mountain
Semanu,https://www.google.com/maps/place/Semanu/data=!4m7!3m6!1s0x2e7bb685bb7ae8df:0xa8a0c98d66520d2d!8m2!3d-7.9980845!4d110.6528687!16s%2Fg%2F11b_2krqs7!19sChIJ3-h6u4W2ey4RLQ1SZo3JoKg?authuser=0&hl=en&rclk=1,mountain
Spirit Mountain Wilderness,https://www.google.com/maps/place/Spirit+Mountain+Wilderness/data=!4m7!3m6!1s0x80ce573450d295df:0xdecddaaf5edec4ca!8m2!3d35.2811479!4d-114.7187196!16s%2Fm%2F0bh7__0!19sChIJ35XSUDRXzoARysTeXq_azd4?authuser=0&hl=en&rclk=1,mountain
Telaga Mencukan,https://www.google.com/maps/place/Telaga+Mencukan/data=!4m7!3m6!1s0x2e7bb129c97e7133:0xe797a7e9428370b!8m2!3d-8.0711111!4d110.6083333!16s%2Fg%2F11b_2rp06m!19sChIJM3F-ySmxey4RCzcolH56eQ4?authuser=0&hl=en&rclk=1,mountain
Semanu,https://www.google.com/maps/place/Semanu/data=!4m7!3m6!1s0x2e7bb6845ef1bd53:0x4027a76e352fd50!8m2!3d-7.9983261!4d110.652778!16s%2Fg%2F11b_2ly_8s!19sChIJU73xXoS2ey4RUP1S43Z6AgQ?authuser=0&hl=en&rclk=1,mountain
McDowell Mountain Regional Park,https://www.google.com/maps/place/McDowell+Mountain+Regional+Park/data=!4m7!3m6!1s0x872b9bde79d541c9:0x8f770169c9b53558!8m2!3d33.6674891!4d-111.6978047!16s%2Fg%2F1tjy1znc!19sChIJyUHVed6bK4cRWDW1yWkBd48?authuser=0&hl=en&rclk=1,mountain
Telaga Towati,https://www.google.com/maps/place/Telaga+Towati/data=!4m7!3m6!1s0x2e7bb7bd095c9b4b:0xa76b039e28d4fb99!8m2!3d-8.0875!4d110.6791667!16s%2Fg%2F11b_2k4110!19sChIJS5tcCb23ey4RmfvUKJ4Da6c?authuser=0&hl=en&rclk=1,mountain
Fort Mountain State Park,https://www.google.com/maps/place/Fort+Mountain+State+Park/data=!4m7!3m6!1s0x885fc217054d4fb1:0x3c2c267a74ad7cee!8m2!3d34.7603682!4d-84.6954019!16zL20vMDRqM25q!19sChIJsU9NBRfCX4gR7nytdHomLDw?authuser=0&hl=en&rclk=1,mountain
Appalachian Ski Mtn,https://www.google.com/maps/place/Appalachian+Ski+Mtn./data=!4m7!3m6!1s0x8850faef1c46ed2b:0x8433bb841353dd0d!8m2!3d36.1745755!4d-81.6625748!16s%2Fm%2F03qd4pc!19sChIJK-1GHO_6UIgRDd1TE4S7M4Q?authuser=0&hl=en&rclk=1,mountain
Telaga Plebengan,https://www.google.com/maps/place/Telaga+Plebengan/data=!4m7!3m6!1s0x2e7bb68a8569ef53:0x5575b2658bd14ba2!8m2!3d-8.0466667!4d110.6638889!16s%2Fg%2F11b_2pbx68!19sChIJU-9phYq2ey4RokvRi2WydVU?authuser=0&hl=en&rclk=1,mountain
Mountain Designs Support Office,https://www.google.com/maps/place/Mountain+Designs+Support+Office/data=!4m7!3m6!1s0x6ad667b083ebd161:0x961a47ca549898a6!8m2!3d-32.205415!4d136.1073692!16s%2Fg%2F11j0d3gvlr!19sChIJYdHrg7Bn1moRppiYVMpHGpY?authuser=0&hl=en&rclk=1,mountain
Telaga Jambe,https://www.google.com/maps/place/Telaga+Jambe/data=!4m7!3m6!1s0x2e7bb66d638699f3:0x8c271809952bebe1!8m2!3d-8.0375!4d110.6863889!16s%2Fg%2F11b_2kdc3j!19sChIJ85mGY222ey4R4esrlQkYJ4w?authuser=0&hl=en&rclk=1,mountain
Perumahan Mountain Blue Residence,https://www.google.com/maps/place/Perumahan+Mountain+Blue+Residence/data=!4m7!3m6!1s0x2e7a5faa5afedf79:0xbd7a15f41a13f429!8m2!3d-7.7034369!4d110.3870789!16s%2Fg%2F11j7hm6hzr!19sChIJed_-Wqpfei4RKfQTGvQVer0?authuser=0&hl=en&rclk=1,mountain
Mountain tobacco harta wakinah,https://www.google.com/maps/place/Mountain+tobacco+harta+wakinah/data=!4m7!3m6!1s0x2e7a41dff3c5c791:0x6caa6349003dce4d!8m2!3d-7.6904585!4d110.6614041!16s%2Fg%2F11rvjq97y8!19sChIJkcfF899Bei4RTc49AEljqmw?authuser=0&hl=en&rclk=1,mountain
southmountain indonesia,https://www.google.com/maps/place/southmountain+indonesia/data=!4m7!3m6!1s0x2e7a59aff1b54383:0xd3722889d1a8a276!8m2!3d-7.7888718!4d110.3939879!16s%2Fg%2F11g22_bgpx!19sChIJg0O18a9Zei4RdqKo0YkoctM?authuser=0&hl=en&rclk=1,mountain
Pendopo Spiritual,https://www.google.com/maps/place/Pendopo+Spiritual/data=!4m7!3m6!1s0x2e7a59bafd8b0a83:0x3e801e1272dea777!8m2!3d-7.7608701!4d110.362846!16s%2Fg%2F11fqt1kg5w!19sChIJgwqL_bpZei4Rd6fechIegD4?authuser=0&hl=en&rclk=1,mountain
Kong SmokeHouse,https://www.google.com/maps/place/Kong+SmokeHouse/data=!4m7!3m6!1s0x2e7a597af945275b:0x723fcc25eff2edf9!8m2!3d-7.7034774!4d110.3873456!16s%2Fg%2F11sff3sd88!19sChIJWydF-XpZei4R-e3y7yXMP3I?authuser=0&hl=en&rclk=1,mountain
Yasmine gya Noura MOUNTAIN TOBACCO Indonesia,https://www.google.com/maps/place/Yasmine+gya+Noura+MOUNTAIN+TOBACCO+Indonesia/data=!4m7!3m6!1s0x2e7a41140ca44141:0xde27cd7aa1478d34!8m2!3d-7.6909417!4d110.6646776!16s%2Fg%2F11pxwffsv0!19sChIJQUGkDBRBei4RNI1HoXrNJ94?authuser=0&hl=en&rclk=1,mountain
Pecel Madiun Mbak Kembar,https://www.google.com/maps/place/Pecel+Madiun+%22Mbak+Kembar%22/data=!4m7!3m6!1s0x2e7a59896a957535:0x71d67b065fb889d0!8m2!3d-7.7539558!4d110.3972711!16s%2Fg%2F11s55rzh9v!19sChIJNXWVaolZei4R0Im4XwZ71nE?authuser=0&hl=en&rclk=1,mountain
Puri Holistika,https://www.google.com/maps/place/Puri+Holistika/data=!4m7!3m6!1s0x2e7a5f8da4341bf5:0x294aed3e7f1d59fe!8m2!3d-7.7032682!4d110.3876118!16s%2Fg%2F11h7krnpwv!19sChIJ9Rs0pI1fei4R_lkdfz7tSik?authuser=0&hl=en&rclk=1,mountain
Castle Mountain Resort,https://www.google.com/maps/place/Castle+Mountain+Resort/data=!4m7!3m6!1s0x536f9dbdeae73661:0x47745993a316c252!8m2!3d49.3191188!4d-114.4125829!16zL20vMGIyNl9f!19sChIJYTbn6r2db1MRUsIWo5NZdEc?authuser=0&hl=en&rclk=1,mountain
Boler Mountain,https://www.google.com/maps/place/Boler+Mountain/data=!4m7!3m6!1s0x882ef1fa66c2dbbd:0x1925064c09321e0b!8m2!3d42.9443965!4d-81.3393669!16zL20vMGc4dDNt!19sChIJvdvCZvrxLogRCx4yCUwGJRk?authuser=0&hl=en&rclk=1,mountain
Sugar mountain,https://www.google.com/maps/place/Sugar+mountain/data=!4m7!3m6!1s0x8850ed72f7876b75:0x3427e33c91e9d64b!8m2!3d36.1289212!4d-81.8588214!16s%2Fg%2F11qq5_qsg8!19sChIJdWuH93LtUIgRS9bpkTzjJzQ?authuser=0&hl=en&rclk=1,mountain
Loon Mountain Resort,https://www.google.com/maps/place/Loon+Mountain+Resort/data=!4m7!3m6!1s0x4cb481d704e5dc15:0xef7c9565c9b31525!8m2!3d44.0563456!4d-71.6336041!16s%2Fm%2F0gx24pz!19sChIJFdzlBNeBtEwRJRWzyWWVfO8?authuser=0&hl=en&rclk=1,mountain
Crystal Mountain Resort,https://www.google.com/maps/place/Crystal+Mountain+Resort/data=!4m10!3m9!1s0x5490b9cdfca91a49:0x1367b65ca6218669!5m2!4m1!1i2!8m2!3d46.9352963!4d-121.4747533!16s%2Fg%2F1hc38wh4l!19sChIJSRqp_M25kFQRaYYhply2ZxM?authuser=0&hl=en&rclk=1,mountain
Wildcat Mountain,https://www.google.com/maps/place/Wildcat+Mountain/data=!4m7!3m6!1s0x4cb391b438c3d74b:0xd7368b94f1f0d7a1!8m2!3d44.2640724!4d-71.2393036!16s%2Fm%2F027rp89!19sChIJS9fDOLSRs0wRodfw8ZSLNtc?authuser=0&hl=en&rclk=1,mountain
Pilot Mountain State Park,https://www.google.com/maps/place/Pilot+Mountain+State+Park/data=!4m7!3m6!1s0x885235c4cc12516d:0xdbae8d00cae0f0ad!8m2!3d36.3411503!4d-80.4613234!16zL20vMDJ5cGdn!19sChIJbVESzMQ1UogRrfDgygCNrts?authuser=0&hl=en&rclk=1,mountain
Monarch Mountain,https://www.google.com/maps/place/Monarch+Mountain/data=!4m7!3m6!1s0x871542ba28d436b7:0x9c75d25e665e981a!8m2!3d38.5120635!4d-106.3319719!16zL20vMGZ4M2c1!19sChIJtzbUKLpCFYcRGpheZl7SdZw?authuser=0&hl=en&rclk=1,mountain
Kennesaw Mountain National Battlefield Park,https://www.google.com/maps/place/Kennesaw+Mountain+National+Battlefield+Park/data=!4m7!3m6!1s0x88f515a43b03f76d:0xb35596fd68d15ad5!8m2!3d33.9513354!4d-84.5963993!16zL20vMDJxMzlt!19sChIJbfcDO6QV9YgR1VrRaP2WVbM?authuser=0&hl=en&rclk=1,mountain
BAROKAH MOTOR,https://www.google.com/maps/place/*BAROKAH+MOTOR*/data=!4m7!3m6!1s0x2e7a5f4455e174ff:0xdfddbef41064087a!8m2!3d-7.7027738!4d110.3868622!16s%2Fg%2F11gw2pt564!19sChIJ_3ThVURfei4ReghkEPS-3d8?authuser=0&hl=en&rclk=1,mountain
Ruffner Mountain,https://www.google.com/maps/place/Ruffner+Mountain/data=!4m7!3m6!1s0x88891034c1a099ad:0x2b233c9fb8b23681!8m2!3d33.5587789!4d-86.7069511!16zL20vMGM3emZt!19sChIJrZmgwTQQiYgRgTayuJ88Iys?authuser=0&hl=en&rclk=1,mountain
Spirit Mountain Recreation Area,https://www.google.com/maps/place/Spirit+Mountain+Recreation+Area/data=!4m7!3m6!1s0x52ae49678a0336f9:0x3014394d17ba1e81!8m2!3d46.7182684!4d-92.2167365!16s%2Fm%2F0273c_0!19sChIJ-TYDimdJrlIRgR66F005FDA?authuser=0&hl=en&rclk=1,mountain
Great Smoky Mountains National Park,https://www.google.com/maps/place/Great+Smoky+Mountains+National+Park/data=!4m7!3m6!1s0x885e986b88fb1815:0x3c926fc1a7752461!8m2!3d35.6130503!4d-83.5531537!16zL20vMDFfeWY5!19sChIJFRj7iGuYXogRYSR1p8Fvkjw?authuser=0&hl=en&rclk=1,mountain
Mile High Swinging Bridge,https://www.google.com/maps/place/Mile+High+Swinging+Bridge/data=!4m7!3m6!1s0x8850ecf2908a701b:0x412ab1757b902115!8m2!3d36.0949786!4d-81.8322841!16s%2Fg%2F1tcy9lss!19sChIJG3CKkPLsUIgRFSGQe3WxKkE?authuser=0&hl=en&rclk=1,mountain
Taylor Mountain Regional Park,https://www.google.com/maps/place/Taylor+Mountain+Regional+Park/data=!4m7!3m6!1s0x80844848fcf2d3d1:0x6ff3ebb163615722!8m2!3d38.4127727!4d-122.6908921!16s%2Fg%2F1hjgm59qm!19sChIJ0dPy_EhIhIARIldhY7Hr828?authuser=0&hl=en&rclk=1,mountain
Snowshoe Mountain Resort,https://www.google.com/maps/place/Snowshoe+Mountain+Resort/data=!4m7!3m6!1s0x884b70b9add1529d:0x8d2a95c0bbdf2df8!8m2!3d38.4118566!4d-79.9960444!16zL20vMDQzcjB6!19sChIJnVLRrblwS4gR-C3fu8CVKo0?authuser=0&hl=en&rclk=1,mountain
Kopi Terserah,https://www.google.com/maps/place/Kopi+Terserah/data=!4m7!3m6!1s0x2e7a5907e774dff1:0x3e4e8a4818950340!8m2!3d-7.7391907!4d110.3987535!16s%2Fg%2F11fq7bgdcf!19sChIJ8d905wdZei4RQAOVGEiKTj4?authuser=0&hl=en&rclk=1,mountain
Whitefish Mountain Resort,https://www.google.com/maps/place/Whitefish+Mountain+Resort/data=!4m7!3m6!1s0x53666ebcef4a8761:0xee1d351150a0c145!8m2!3d48.4805556!4d-114.3502778!16s%2Fm%2F026pxzs!19sChIJYYdK77xuZlMRRcGgUBE1He4?authuser=0&hl=en&rclk=1,mountain
Hunter Mountain Resort,https://www.google.com/maps/place/Hunter+Mountain+Resort/data=!4m7!3m6!1s0x89ddad311db1c23d:0x16eb2fbde47daf1a!8m2!3d42.2028872!4d-74.2246369!16zL20vMGZmajA2!19sChIJPcKxHTGt3YkRGq995L0v6xY?authuser=0&hl=en&rclk=1,mountain
Solitude Mountain Resort,https://www.google.com/maps/place/Solitude+Mountain+Resort/data=!4m7!3m6!1s0x87526e2a421177bf:0xafc63e9db2036b66!8m2!3d40.619852!4d-111.591885!16zL20vMDltdGsx!19sChIJv3cRQipuUocRZmsDsp0-xq8?authuser=0&hl=en&rclk=1,mountain
Guadalupe Mountains National Park,https://www.google.com/maps/place/Guadalupe+Mountains+National+Park/data=!4m7!3m6!1s0x86e419ea5337972b:0x7d088340615f4461!8m2!3d31.9211082!4d-104.8848075!16zL20vMDJnZjIz!19sChIJK5c3U-oZ5IYRYURfYUCDCH0?authuser=0&hl=en&rclk=1,mountain
Kings Mountain National Military Park,https://www.google.com/maps/place/Kings+Mountain+National+Military+Park/data=!4m7!3m6!1s0x8856e4518c7958c5:0x7368bbd750154bf5!8m2!3d35.1385001!4d-81.3911074!16zL20vMDZwOXZz!19sChIJxVh5jFHkVogR9UsVUNe7aHM?authuser=0&hl=en&rclk=1,mountain
Silver Mountain Resort,https://www.google.com/maps/place/Silver+Mountain+Resort/data=!4m7!3m6!1s0x536050d8d31ee43d:0xb9e74b3d24383c44!8m2!3d47.540718!4d-116.133171!16zL20vMGd6d2Y3!19sChIJPeQe09hQYFMRRDw4JD1L57k?authuser=0&hl=en&rclk=1,mountain
Wilmot Mountain Ski Resort,https://www.google.com/maps/place/Wilmot+Mountain+Ski+Resort/data=!4m7!3m6!1s0x880e2cac1153c397:0x9ce11ce73834c3bf!8m2!3d42.4989548!4d-88.1876602!16s%2Fm%2F0284_by!19sChIJl8NTEawsDogRv8M0OOcc4Zw?authuser=0&hl=en&rclk=1,mountain
Snowdon Mountain Railway,https://www.google.com/maps/place/Snowdon+Mountain+Railway/data=!4m7!3m6!1s0x486509aabcf918b9:0xeab7e6857d671d4b!8m2!3d53.1158289!4d-4.1194001!16zL20vMDFmdHQy!19sChIJuRj5vKoJZUgRSx1nfYXmt-o?authuser=0&hl=en&rclk=1,mountain
Beech Mountain Ski Resort,https://www.google.com/maps/place/Beech+Mountain+Ski+Resort/data=!4m10!3m9!1s0x88508d2553c68443:0xcd2266133dc212da!5m2!4m1!1i2!8m2!3d36.194648!4d-81.8780057!16s%2Fg%2F1tfvzvhx!19sChIJQ4TGUyWNUIgR2hLCPRNmIs0?authuser=0&hl=en&rclk=1,mountain
Big Bear Mountain Resort,https://www.google.com/maps/place/Big+Bear+Mountain+Resort/data=!4m7!3m6!1s0x80c4b54ddca64a3d:0xc89009aa071a623b!8m2!3d34.2364084!4d-116.8893062!16s%2Fg%2F11fmyb56h5!19sChIJPUqm3E21xIARO2IaB6oJkMg?authuser=0&hl=en&rclk=1,mountain
Mountain Training,https://www.google.com/maps/place/Mountain+Training/data=!4m7!3m6!1s0x48650e38e26bb21b:0x4a9b465f25eeb0cc!8m2!3d53.1022006!4d-3.9184168!16s%2Fg%2F1tfllvrz!19sChIJG7Jr4jgOZUgRzLDuJV9Gm0o?authuser=0&hl=en&rclk=1,mountain
Roundtop Mountain Resort,https://www.google.com/maps/place/Roundtop+Mountain+Resort/data=!4m7!3m6!1s0x89c8ee994819b779:0xf713bbe139507667!8m2!3d40.1094506!4d-76.9275492!16s%2Fg%2F11xjbvf9z!19sChIJebcZSJnuyIkRZ3ZQOeG7E_c?authuser=0&hl=en&rclk=1,mountain
Rocky Mountain Arsenal National Wildlife Refuge,https://www.google.com/maps/place/Rocky+Mountain+Arsenal+National+Wildlife+Refuge/data=!4m7!3m6!1s0x876c7ab4ddeb8415:0xf2734391e16540c!8m2!3d39.8150568!4d-104.8803501!16zL20vMDZicWdk!19sChIJFYTr3bR6bIcRDFQWHjk0Jw8?authuser=0&hl=en&rclk=1,mountain
CPM Tour Organizer Yogyakarta,https://www.google.com/maps/place/CPM+Tour+Organizer+Yogyakarta/data=!4m7!3m6!1s0x2e7a59f87e5d0d75:0xe54298ed51869bfe!8m2!3d-7.7312595!4d110.4208542!16s%2Fg%2F11frthvjvj!19sChIJdQ1dfvhZei4R_puGUe2YQuU?authuser=0&hl=en&rclk=1,mountain
Mohonk Mountain House,https://www.google.com/maps/place/Mohonk+Mountain+House/data=!4m10!3m9!1s0x89dd1f41bce35abd:0x339dbee1a4648163!5m2!4m1!1i2!8m2!3d41.7683656!4d-74.1559193!16zL20vMDVkbXh6!19sChIJvVrjvEEf3YkRY4FkpOG-nTM?authuser=0&hl=en&rclk=1,mountain
Jogja Bike Park,https://www.google.com/maps/place/Jogja+Bike+Park/data=!4m7!3m6!1s0x2e7a579fadf8965d:0xdf763eea16bdf192!8m2!3d-7.8138211!4d110.3763064!16s%2Fg%2F11lfcnx02s!19sChIJXZb4rZ9Xei4RkvG9Fuo-dt8?authuser=0&hl=en&rclk=1,mountain
Mountain fresh,https://www.google.com/maps/place/Mountain+fresh/data=!4m7!3m6!1s0x2e7a5f8dbc9d171d:0xe3872e55d1fe58b8!8m2!3d-7.6382412!4d110.4256315!16s%2Fg%2F11fmbds7bq!19sChIJHRedvI1fei4RuFj-0VUuh-M?authuser=0&hl=en&rclk=1,mountain
